company_age,doc_completion,avg_rating,rating_variance,cancellation_rate,price_deviation,trustworthy
766,1.0,3.0,1.54,0.2,0.65,0
1955,0.0,1.8,1.64,0.14,0.25,0
86,0.67,4.2,1.39,0.17,0.84,0
1676,0.0,1.1,1.99,0.45,0.74,0
1879,0.33,1.4,0.03,0.59,0.24,0
1926,0.0,2.6,0.47,0.18,0.88,0
1974,0.0,3.3,0.33,0.29,1.45,0
46,0.33,2.6,0.36,0.44,0.42,0
978,0.67,2.0,1.21,0.6,0.03,0
1259,0.33,3.2,0.47,0.2,0.32,0
612,1.0,1.8,1.39,0.19,0.44,0
1511,1.0,2.5,1.31,0.17,0.81,0
1938,0.0,4.8,1.29,0.23,0.73,0
326,1.0,1.6,0.51,0.3,0.26,0
1450,0.33,2.2,0.73,0.12,0.66,0
724,0.0,2.2,1.12,0.31,1.11,0
391,0.33,1.0,0.81,0.08,0.08,0
1200,1.0,2.9,0.16,0.47,1.08,0
1714,0.67,3.6,0.17,0.59,1.02,0
78,0.0,2.3,0.31,0.46,0.24,0
1981,0.67,4.2,0.78,0.26,0.14,1
1219,0.67,4.1,0.97,0.39,0.88,0
265,0.33,1.7,0.58,0.35,0.38,0
1846,0.67,3.6,0.99,0.39,1.38,0
1616,0.0,3.7,1.4,0.28,0.71,0
1445,1.0,2.6,1.39,0.08,1.46,0
392,1.0,3.3,1.56,0.29,0.04,0
994,0.33,4.3,0.44,0.27,0.89,0
778,0.33,3.6,0.32,0.46,1.31,0
1174,0.67,3.8,1.07,0.43,0.53,0
124,0.33,4.4,0.79,0.5,0.93,0
1138,0.67,2.1,0.74,0.41,1.03,0
968,0.0,1.5,0.13,0.48,0.24,0
30,0.33,2.6,1.26,0.44,0.25,0
1692,0.67,2.6,0.63,0.19,0.18,0
371,1.0,1.7,0.99,0.41,0.05,0
1695,0.67,1.8,0.33,0.15,0.98,0
328,0.67,4.6,0.96,0.19,0.22,1
1692,0.33,3.6,1.43,0.06,0.18,0
1823,1.0,1.2,0.85,0.06,0.22,0
916,0.67,2.0,1.9,0.49,0.69,0
1500,0.67,1.2,1.21,0.24,0.57,0
1422,1.0,3.3,0.33,0.21,0.14,0
858,1.0,2.7,0.86,0.15,1.14,0
1640,0.33,3.5,0.83,0.18,0.01,0
278,0.0,3.7,1.23,0.2,1.18,0
1738,0.0,1.5,1.78,0.42,1.23,0
2,0.0,3.5,1.6,0.55,0.82,0
1175,0.0,2.3,0.31,0.41,0.48,0
1851,1.0,2.9,0.98,0.04,0.23,0
700,1.0,3.3,1.32,0.33,0.39,0
50,0.0,4.3,1.64,0.43,1.22,0
1238,0.0,1.3,0.9,0.17,0.98,0
1155,0.33,3.5,0.29,0.14,0.45,0
1337,0.67,2.5,0.12,0.22,0.02,0
544,0.33,2.6,1.39,0.11,0.4,0
963,1.0,4.4,0.72,0.53,0.17,0
1893,0.33,3.5,0.7,0.48,1.43,0
1871,0.0,4.1,0.78,0.32,1.42,0
1300,0.0,1.9,1.97,0.34,0.36,0
242,1.0,3.7,1.38,0.03,1.37,0
1230,0.67,3.9,0.18,0.32,0.51,0
540,0.67,2.5,0.49,0.48,0.26,0
1067,0.0,4.0,0.23,0.08,0.04,0
1727,0.67,1.1,1.58,0.41,0.66,0
1370,0.0,3.4,1.46,0.11,0.49,0
828,1.0,4.7,1.3,0.43,1.43,0
1394,1.0,3.8,1.29,0.38,0.35,0
729,0.33,2.2,1.31,0.1,0.34,0
1804,0.67,1.4,1.41,0.06,0.39,0
268,0.0,2.7,0.4,0.01,1.22,0
1900,0.67,3.2,0.05,0.27,0.37,0
924,1.0,2.4,0.93,0.55,1.44,0
1514,0.67,1.4,0.68,0.07,0.71,0
1852,0.67,4.9,0.87,0.04,0.98,0
1207,0.67,4.9,0.4,0.25,0.05,1
181,1.0,1.9,1.46,0.22,1.04,0
1778,0.0,1.7,0.82,0.11,0.37,0
759,0.67,3.6,1.94,0.25,0.26,1
912,1.0,3.9,1.76,0.08,0.23,1
7,0.67,1.0,0.06,0.25,1.47,0
477,0.33,1.1,0.17,0.56,1.25,0
1186,0.0,3.4,0.34,0.41,0.7,0
1459,0.33,1.1,1.63,0.4,0.47,0
177,0.0,1.7,0.29,0.2,0.21,0
1641,1.0,3.4,1.72,0.04,0.46,0
1059,0.0,4.3,0.72,0.4,1.32,0
176,0.67,3.8,1.91,0.26,0.18,1
17,0.67,2.6,0.79,0.35,0.94,0
1408,0.0,1.9,1.96,0.3,1.17,0
551,0.33,1.6,0.56,0.22,1.22,0
1303,0.33,2.0,0.75,0.18,1.27,0
273,1.0,4.4,1.86,0.23,0.87,0
1573,0.0,2.2,0.55,0.2,0.05,0
185,0.33,3.5,0.44,0.38,1.33,0
982,0.33,3.7,1.97,0.45,1.03,0
1621,1.0,1.1,1.78,0.23,1.4,0
242,0.67,1.4,0.08,0.48,1.16,0
1989,1.0,3.0,0.31,0.12,1.21,0
1761,0.0,4.1,1.92,0.39,0.25,0
577,1.0,3.4,0.19,0.25,0.47,0
164,0.0,4.0,0.58,0.55,0.56,0
1579,0.67,4.2,1.59,0.33,1.22,0
401,1.0,2.5,0.81,0.51,0.38,0
216,0.0,2.8,0.91,0.39,0.07,0
69,0.67,3.7,1.95,0.2,0.59,1
1638,0.0,2.9,0.43,0.27,0.23,0
855,0.67,4.9,1.4,0.48,0.46,0
49,0.0,1.8,1.75,0.22,0.66,0
676,0.67,4.3,0.21,0.33,0.25,0
1641,0.67,4.6,0.99,0.35,1.06,0
126,1.0,4.6,0.89,0.27,1.19,0
1548,0.33,2.8,0.02,0.14,1.12,0
517,1.0,2.3,0.21,0.33,1.3,0
116,0.67,3.7,1.02,0.09,1.26,0
1465,1.0,4.1,0.38,0.08,0.53,1
649,0.33,1.4,0.16,0.29,0.72,0
830,0.67,2.8,1.9,0.43,0.8,0
970,1.0,1.5,1.9,0.44,0.49,0
1439,0.0,2.9,1.01,0.13,1.06,0
516,1.0,3.8,0.91,0.21,0.75,1
1942,1.0,1.1,1.5,0.28,0.0,0
915,0.33,4.4,1.48,0.59,1.35,0
241,0.67,3.6,1.77,0.55,1.45,0
1499,0.67,1.4,1.07,0.08,0.69,0
1106,0.0,3.3,0.99,0.51,1.39,0
1281,0.67,2.4,1.55,0.14,1.38,0
1485,0.0,3.3,1.9,0.42,0.22,0
1746,0.33,3.9,0.35,0.15,0.29,0
335,0.67,4.7,1.17,0.39,0.91,0
437,0.0,2.0,0.28,0.37,0.75,0
452,0.67,3.3,1.66,0.29,0.53,0
1248,0.33,2.0,0.07,0.55,1.22,0
1640,0.33,4.2,0.34,0.07,1.05,0
1774,1.0,1.1,0.11,0.35,0.08,0
901,0.33,4.3,1.04,0.39,0.69,0
1158,0.33,4.7,0.74,0.32,0.33,0
1968,1.0,4.8,1.34,0.23,1.45,0
1148,0.0,2.9,1.65,0.21,1.24,0
1111,0.0,3.2,1.39,0.42,1.46,0
1431,0.33,2.0,0.89,0.4,1.06,0
1184,1.0,4.1,1.39,0.09,1.3,0
1475,0.67,3.3,1.37,0.31,0.56,0
1780,0.67,3.0,0.09,0.57,0.08,0
253,0.67,2.7,0.12,0.48,0.81,0
136,0.0,1.5,0.68,0.09,0.86,0
116,1.0,1.6,1.57,0.39,0.14,0
1228,0.67,2.2,0.13,0.01,1.37,0
1642,0.67,1.7,1.53,0.48,1.1,0
918,0.33,2.2,1.25,0.55,0.48,0
296,0.0,4.3,1.28,0.46,0.44,0
1845,0.0,3.3,1.81,0.07,1.44,0
1819,0.0,1.8,0.62,0.47,0.83,0
1219,0.0,2.8,0.02,0.24,0.42,0
1316,0.0,3.6,1.15,0.32,0.82,0
97,0.33,4.1,1.52,0.56,1.37,0
163,0.33,2.9,1.9,0.38,0.6,0
420,0.33,2.3,1.58,0.49,0.29,0
1957,0.33,1.6,0.86,0.22,1.47,0
79,0.33,1.2,0.25,0.49,1.38,0
1881,0.33,2.3,0.92,0.03,1.41,0
265,0.67,1.7,1.71,0.09,1.34,0
42,0.67,3.8,0.12,0.53,0.16,0
881,0.67,2.4,0.53,0.31,0.87,0
1818,0.0,4.5,1.46,0.22,1.21,0
547,0.67,2.8,1.86,0.55,0.0,0
823,0.33,4.4,0.19,0.0,0.21,0
126,1.0,3.1,1.82,0.02,0.62,0
1407,1.0,1.1,1.02,0.44,0.17,0
1938,0.33,3.6,0.39,0.59,0.28,0
187,0.0,2.8,0.35,0.07,0.69,0
784,0.0,2.1,0.27,0.35,0.32,0
1525,1.0,2.7,1.22,0.05,1.0,0
1212,0.0,4.9,0.41,0.28,1.28,0
187,0.0,2.7,0.01,0.39,1.03,0
1375,1.0,2.7,1.25,0.58,0.7,0
133,0.33,2.6,1.87,0.09,0.64,0
1441,0.67,3.3,1.96,0.5,0.96,0
1104,0.67,3.2,0.28,0.29,1.3,0
1340,0.0,1.5,1.68,0.15,0.62,0
587,0.33,4.5,0.46,0.02,0.97,0
1123,0.33,4.5,1.06,0.53,0.63,0
597,1.0,3.3,1.53,0.36,0.1,0
1963,0.33,4.6,0.71,0.31,0.38,0
1756,1.0,4.5,1.22,0.55,0.57,0
1498,0.33,4.9,1.23,0.42,1.06,0
665,1.0,4.7,0.63,0.38,1.37,0
249,0.67,2.1,1.58,0.04,0.08,0
1271,0.33,4.4,0.21,0.4,0.04,0
58,0.67,4.8,1.79,0.07,0.38,1
1169,1.0,4.4,0.72,0.47,0.04,0
21,1.0,1.4,1.96,0.27,0.2,0
1015,1.0,3.4,1.98,0.41,1.49,0
45,0.67,4.9,1.65,0.6,1.15,0
1967,0.33,3.2,0.71,0.3,0.05,0
113,0.67,1.4,1.51,0.43,1.17,0
52,0.33,2.0,1.56,0.13,1.25,0
1447,0.33,1.8,1.7,0.22,0.15,0
88,0.33,2.0,1.68,0.15,1.36,0
609,0.33,2.7,0.62,0.31,1.04,0
1466,1.0,3.5,0.03,0.11,0.61,1
516,0.33,1.6,0.57,0.38,0.38,0
162,0.33,3.7,1.35,0.15,0.59,0
624,0.33,1.8,0.27,0.11,0.68,0
694,0.0,3.3,1.59,0.56,1.17,0
1973,0.33,3.7,1.77,0.37,0.87,0
538,0.67,1.0,0.93,0.18,0.3,0
434,0.67,3.3,0.33,0.06,1.21,0
929,0.0,3.1,0.95,0.56,1.07,0
459,0.0,2.4,1.4,0.2,1.32,0
124,1.0,4.5,1.33,0.22,0.78,1
1204,0.67,3.0,0.07,0.2,0.57,0
1791,0.67,2.6,0.17,0.3,1.38,0
1542,0.67,2.8,1.52,0.05,0.48,0
328,0.67,3.5,1.03,0.15,0.73,1
48,0.33,3.3,1.66,0.36,0.86,0
10,0.67,4.3,1.35,0.36,1.07,0
1679,1.0,4.4,1.59,0.14,0.12,1
1180,1.0,3.5,1.66,0.11,0.04,1
1800,1.0,4.9,0.91,0.27,1.07,0
23,0.67,2.9,0.24,0.29,0.7,0
1878,0.33,4.3,1.46,0.55,0.76,0
236,0.67,2.2,0.09,0.47,0.13,0
944,0.33,2.0,1.74,0.45,1.18,0
1380,0.33,4.3,1.53,0.44,0.58,0
1721,0.0,4.6,0.42,0.08,0.71,0
749,0.0,3.9,1.41,0.42,1.03,0
1114,0.67,3.7,0.98,0.52,1.23,0
314,0.67,1.9,0.81,0.31,1.49,0
269,0.0,3.3,1.09,0.22,0.31,0
1123,0.67,3.3,1.11,0.26,0.36,0
1976,0.0,3.6,0.86,0.51,0.27,0
1532,1.0,4.7,0.81,0.15,0.04,1
261,1.0,3.7,0.99,0.32,1.14,0
1585,0.33,4.8,0.92,0.18,0.24,0
150,0.67,2.9,1.84,0.04,1.06,0
1976,0.67,2.8,1.14,0.36,0.86,0
154,1.0,4.6,0.29,0.24,0.46,1
1686,1.0,2.9,1.42,0.07,1.28,0
1452,0.33,1.0,0.88,0.17,1.39,0
928,0.0,1.6,1.34,0.2,1.48,0
133,0.33,2.9,1.89,0.04,1.06,0
1342,0.33,1.9,0.74,0.4,1.16,0
255,0.33,2.2,1.84,0.02,1.44,0
1235,0.33,4.8,1.4,0.56,0.58,0
1040,0.0,4.9,1.79,0.2,0.7,0
977,0.33,2.1,1.07,0.21,0.6,0
1381,0.0,2.9,1.84,0.54,1.17,0
1573,0.33,2.4,0.03,0.24,0.17,0
704,0.33,2.3,0.79,0.1,0.19,0
1596,0.0,2.5,1.88,0.54,0.82,0
82,0.0,5.0,1.31,0.51,0.92,0
541,0.67,2.1,0.61,0.47,0.79,0
967,0.0,2.0,1.82,0.1,0.28,0
885,0.0,4.2,1.08,0.56,0.05,0
1946,0.0,2.3,0.51,0.48,0.62,0
198,1.0,1.7,0.07,0.03,0.59,0
1761,0.0,4.2,1.13,0.17,0.11,0
1936,0.67,3.5,0.2,0.08,0.72,1
371,0.33,1.6,2.0,0.5,1.01,0
1895,0.67,4.2,1.49,0.28,0.45,1
1108,0.0,1.4,1.25,0.14,1.37,0
97,0.33,2.1,1.08,0.34,0.4,0
983,0.67,4.6,0.74,0.5,0.77,0
530,0.33,1.8,1.26,0.52,1.05,0
1293,1.0,4.6,1.85,0.37,0.25,0
1824,0.0,2.7,1.67,0.1,0.0,0
1955,0.0,4.2,0.3,0.22,0.59,0
1977,0.0,1.8,1.43,0.42,0.28,0
855,0.33,3.4,0.09,0.57,0.76,0
1624,0.0,4.2,0.73,0.46,0.0,0
1880,0.67,3.7,1.3,0.51,0.3,0
1928,0.67,4.9,0.78,0.59,0.39,0
1637,0.67,2.2,0.9,0.46,1.44,0
1911,1.0,1.8,1.05,0.54,1.03,0
1267,0.67,3.8,1.71,0.48,0.58,0
1500,1.0,5.0,1.79,0.04,0.86,0
1945,0.33,3.2,1.59,0.35,0.72,0
616,0.33,3.1,1.53,0.41,0.12,0
50,1.0,3.8,1.29,0.21,0.18,1
1315,0.67,1.1,0.09,0.24,1.21,0
309,0.0,1.6,1.9,0.38,1.0,0
60,0.0,4.7,1.75,0.33,0.5,0
1768,0.67,3.6,0.32,0.33,0.18,0
1107,1.0,1.4,1.4,0.32,0.35,0
227,0.0,3.0,1.58,0.14,0.12,0
1010,0.0,4.3,0.26,0.41,0.14,0
1557,1.0,3.1,1.45,0.21,0.78,0
1283,0.0,2.8,1.06,0.27,0.55,0
1408,1.0,3.6,0.21,0.3,1.32,0
405,0.67,1.4,0.5,0.07,1.35,0
586,1.0,2.2,1.7,0.53,0.17,0
992,0.67,4.0,1.1,0.26,1.03,0
64,0.0,2.9,0.22,0.38,0.49,0
1940,1.0,2.1,0.94,0.46,0.08,0
1101,0.33,3.8,0.58,0.45,0.33,0
1690,0.33,3.3,0.29,0.34,1.41,0
746,0.33,2.8,1.77,0.44,0.46,0
43,0.0,1.9,0.57,0.01,0.37,0
866,0.0,4.8,0.85,0.52,1.36,0
198,0.0,3.1,0.25,0.02,0.94,0
121,1.0,3.0,0.72,0.26,0.1,0
261,0.33,5.0,1.14,0.42,0.29,0
756,0.33,4.2,1.61,0.33,0.88,0
1673,0.0,5.0,0.53,0.08,1.44,0
171,1.0,4.5,1.16,0.27,1.18,0
1823,0.33,2.7,1.76,0.38,1.5,0
1648,0.0,3.4,1.86,0.17,0.99,0
1150,0.67,4.3,1.22,0.55,0.49,0
109,0.67,3.2,1.66,0.54,0.71,0
650,0.0,1.4,1.85,0.57,1.39,0
1204,0.67,1.3,1.95,0.14,0.72,0
713,0.33,2.8,1.06,0.47,1.03,0
118,0.33,4.4,0.12,0.45,1.07,0
1323,0.33,3.2,0.04,0.22,0.36,0
1288,0.67,1.5,1.32,0.15,0.35,0
810,1.0,2.4,0.29,0.37,1.36,0
1108,0.0,4.9,0.48,0.45,1.33,0
1178,0.0,3.2,0.64,0.48,0.26,0
7,1.0,4.9,1.1,0.6,0.37,0
142,1.0,4.5,1.28,0.33,0.44,0
1355,0.33,2.1,1.92,0.19,0.08,0
1371,0.67,3.1,0.04,0.42,0.46,0
1575,0.33,4.7,1.27,0.23,1.37,0
761,0.33,3.1,1.65,0.39,0.68,0
1594,0.0,1.3,1.02,0.23,0.41,0
1292,0.0,3.7,0.86,0.24,0.68,0
172,0.0,4.1,0.13,0.22,0.31,0
1541,0.33,2.3,1.77,0.02,1.13,0
658,0.0,2.0,0.27,0.29,0.7,0
181,0.33,1.2,1.28,0.56,1.12,0
1051,0.33,3.2,0.28,0.29,0.25,0
696,0.33,3.5,0.35,0.53,1.0,0
1818,0.67,1.8,0.92,0.41,1.41,0
148,1.0,3.5,1.65,0.36,0.29,0
1980,1.0,2.2,1.31,0.56,1.14,0
1009,1.0,1.1,1.41,0.41,0.17,0
1928,0.33,1.6,0.09,0.32,1.38,0
1876,1.0,1.5,1.95,0.55,1.23,0
1293,0.33,2.1,0.85,0.11,0.85,0
1257,0.33,3.8,0.72,0.39,0.11,0
160,0.0,4.1,1.18,0.3,0.49,0
1592,0.67,3.2,0.24,0.57,0.07,0
1940,0.33,3.8,0.92,0.53,1.26,0
1309,0.0,4.4,1.16,0.01,0.21,0
1044,1.0,4.9,0.0,0.06,0.41,1
1654,0.0,2.5,0.78,0.32,0.73,0
1887,1.0,2.8,0.43,0.27,0.61,0
281,0.67,4.4,1.22,0.44,0.83,0
1469,0.0,2.6,1.27,0.09,0.81,0
807,0.0,2.1,1.72,0.39,0.2,0
672,0.0,3.4,1.41,0.14,0.94,0
1843,0.67,4.1,0.71,0.53,0.87,0
1198,0.0,4.7,0.24,0.1,0.7,0
1995,0.67,1.0,0.01,0.58,1.45,0
240,0.33,4.4,0.34,0.3,0.11,0
619,1.0,3.7,1.21,0.04,0.72,1
613,1.0,4.5,1.12,0.49,0.31,0
181,0.0,3.3,1.97,0.3,0.51,0
442,1.0,3.7,1.13,0.15,0.05,1
450,0.33,2.1,0.83,0.19,0.28,0
395,0.67,1.6,0.45,0.48,1.45,0
842,0.33,4.5,1.86,0.01,0.56,0
790,1.0,4.9,0.73,0.22,0.04,1
662,0.67,4.3,1.75,0.07,0.93,0
360,0.33,2.3,0.86,0.0,0.36,0
906,1.0,4.6,1.95,0.36,0.68,0
1442,1.0,4.2,0.21,0.23,0.19,1
326,0.0,3.6,0.09,0.47,0.27,0
390,0.67,4.4,1.06,0.08,0.41,1
1237,0.67,3.8,1.98,0.48,0.72,0
1133,0.67,2.5,1.49,0.52,1.11,0
472,0.0,3.0,0.92,0.07,0.39,0
1400,0.33,2.8,0.09,0.02,1.47,0
1740,0.67,4.0,0.76,0.5,1.47,0
1784,1.0,3.4,0.56,0.0,1.48,0
712,1.0,1.8,1.06,0.38,0.2,0
499,0.0,1.4,0.95,0.05,0.92,0
729,0.33,4.3,0.55,0.53,1.47,0
669,0.67,1.3,1.78,0.27,0.08,0
1485,1.0,4.5,1.16,0.19,0.47,1
101,1.0,3.7,1.75,0.19,0.52,1
598,1.0,3.6,1.84,0.45,0.91,0
1894,1.0,4.4,0.8,0.35,0.47,0
266,0.67,3.7,0.18,0.5,0.83,0
44,1.0,1.2,1.75,0.45,0.7,0
908,0.67,1.5,1.17,0.19,1.0,0
814,0.67,2.4,0.4,0.33,1.3,0
1947,1.0,3.6,0.58,0.19,0.49,1
1393,0.33,1.6,0.31,0.5,0.25,0
1992,0.33,2.7,1.63,0.34,0.01,0
1657,1.0,4.3,1.26,0.36,0.67,0
1650,0.67,3.6,0.48,0.54,1.09,0
556,0.33,1.8,1.4,0.05,0.42,0
1917,0.0,3.6,0.33,0.03,1.22,0
1611,0.0,3.6,1.54,0.32,0.78,0
152,1.0,1.2,1.61,0.5,1.49,0
883,0.0,3.9,0.03,0.24,1.27,0
302,1.0,2.7,0.62,0.54,0.73,0
1164,0.67,1.5,0.75,0.51,1.44,0
1821,0.67,4.4,1.92,0.59,1.39,0
1524,1.0,3.4,0.65,0.33,1.35,0
367,0.67,1.4,0.59,0.12,0.47,0
1040,0.33,3.2,0.4,0.19,0.93,0
196,0.67,2.1,0.88,0.53,0.47,0
1458,0.67,3.7,0.86,0.27,1.28,0
798,1.0,2.8,1.31,0.53,0.78,0
1729,0.67,4.9,0.89,0.4,0.46,0
406,0.67,4.2,1.18,0.15,1.08,0
447,1.0,2.5,1.45,0.15,1.44,0
935,0.67,3.0,1.01,0.46,1.4,0
71,0.67,3.9,1.3,0.36,1.15,0
124,0.33,3.7,1.41,0.4,0.2,0
968,0.33,1.6,0.33,0.25,1.2,0
1839,0.33,1.3,1.15,0.34,1.37,0
1732,1.0,2.5,1.86,0.19,0.95,0
1899,0.33,5.0,0.27,0.34,1.09,0
1284,0.0,1.4,1.85,0.29,0.33,0
1947,0.0,2.4,1.9,0.56,0.65,0
406,1.0,1.2,1.21,0.56,1.05,0
1073,1.0,5.0,0.27,0.53,0.73,0
268,0.33,1.2,0.29,0.41,0.51,0
1192,0.33,1.4,0.28,0.01,1.4,0
566,0.33,2.4,0.27,0.01,0.35,0
1124,1.0,3.7,0.3,0.21,0.02,1
1111,0.33,2.0,1.69,0.39,0.06,0
1306,0.67,2.0,1.46,0.6,0.63,0
565,0.0,4.4,1.4,0.53,1.36,0
689,0.67,4.2,0.72,0.03,1.29,0
1956,0.67,3.8,1.68,0.19,0.89,0
933,1.0,1.8,1.2,0.21,1.46,0
790,0.0,4.7,1.44,0.44,1.26,0
1897,1.0,2.8,1.28,0.14,0.11,0
1873,0.67,1.4,0.62,0.06,1.0,0
1191,0.33,4.8,0.21,0.09,0.16,0
1019,1.0,4.7,0.67,0.04,1.15,0
1679,0.0,3.0,1.85,0.04,0.56,0
1371,0.67,2.7,1.2,0.43,0.68,0
648,1.0,1.9,1.34,0.57,1.48,0
580,0.33,4.6,1.31,0.54,0.47,0
683,0.0,1.7,0.94,0.38,1.24,0
1517,0.33,3.7,1.49,0.5,1.47,0
945,0.33,1.9,0.54,0.41,0.07,0
197,0.33,3.3,1.99,0.21,1.11,0
1326,1.0,3.2,0.1,0.17,0.91,0
1056,1.0,3.1,0.17,0.17,0.03,0
84,0.67,2.9,0.73,0.32,1.03,0
868,0.67,2.1,1.13,0.18,0.99,0
624,0.33,2.3,0.96,0.27,1.45,0
1683,0.0,4.9,0.81,0.14,0.8,0
749,0.0,3.9,1.51,0.34,0.85,0
1585,1.0,4.0,0.17,0.02,0.68,1
1389,0.0,2.7,0.59,0.22,0.29,0
772,0.33,4.3,1.87,0.59,0.44,0
1634,0.0,1.5,0.91,0.53,0.9,0
1076,0.0,2.7,0.54,0.38,0.59,0
1368,0.0,2.5,1.19,0.04,0.66,0
112,0.0,4.2,0.11,0.43,0.87,0
348,0.33,4.1,1.21,0.43,0.27,0
670,0.67,2.8,1.45,0.09,1.01,0
1182,1.0,3.9,0.8,0.42,1.26,0
1077,0.0,1.5,0.43,0.6,1.33,0
74,0.33,2.4,1.83,0.46,0.85,0
230,0.0,2.9,1.65,0.06,1.49,0
713,0.0,2.5,0.72,0.47,1.23,0
1526,1.0,2.8,1.89,0.37,1.06,0
1836,0.33,4.1,1.66,0.31,0.64,0
581,0.0,3.4,0.13,0.26,1.5,0
1958,1.0,1.5,0.2,0.08,0.64,0
461,1.0,1.2,0.43,0.19,0.72,0
1563,0.33,2.4,1.62,0.42,0.64,0
746,0.0,2.4,1.12,0.59,0.5,0
685,0.67,3.4,1.4,0.4,0.54,0
1539,0.67,3.7,0.08,0.22,0.56,1
563,0.0,3.3,0.36,0.51,0.93,0
1389,0.33,2.2,1.64,0.26,0.64,0
387,0.33,4.6,1.94,0.05,1.28,0
1728,0.0,1.3,0.07,0.21,0.55,0
371,0.0,3.5,0.09,0.1,0.37,0
1905,0.0,3.6,1.33,0.58,1.3,0
1585,0.0,3.1,1.39,0.41,1.46,0
1248,1.0,2.6,1.12,0.17,0.59,0
1174,0.67,2.5,1.11,0.09,0.69,0
790,0.67,3.9,1.08,0.12,0.66,1
1306,0.0,4.0,0.88,0.4,0.19,0
1894,0.33,2.9,0.82,0.44,0.5,0
1688,0.33,1.9,0.76,0.55,0.22,0
359,1.0,3.7,1.97,0.42,1.23,0
516,0.67,1.1,0.93,0.59,0.97,0
1198,1.0,2.4,1.47,0.42,1.02,0
1351,0.0,3.5,1.75,0.59,0.44,0
1843,0.0,1.5,1.82,0.47,0.61,0
437,1.0,1.4,0.18,0.21,0.94,0
1537,0.67,4.1,1.68,0.2,0.86,0
385,0.67,3.0,1.34,0.27,0.99,0
233,1.0,3.2,1.01,0.36,0.24,0
1419,1.0,3.6,1.64,0.05,1.1,0
975,0.67,4.8,0.29,0.44,0.32,0
1082,0.67,3.5,1.83,0.34,1.41,0
1005,1.0,5.0,1.92,0.55,0.05,0
1488,0.67,4.2,1.21,0.18,1.11,0
1572,1.0,1.1,1.91,0.18,0.66,0
1583,0.0,3.7,1.53,0.26,1.41,0
386,0.0,3.2,1.91,0.02,1.27,0
1784,0.67,3.0,2.0,0.5,1.48,0
1742,0.33,3.2,0.8,0.59,0.95,0
1494,0.33,3.7,0.19,0.1,0.01,0
978,0.67,1.3,1.48,0.01,1.14,0
1101,1.0,4.3,0.85,0.21,0.81,0
734,0.33,4.2,1.69,0.15,0.67,0
777,0.0,1.5,0.34,0.19,1.45,0
154,1.0,4.8,0.59,0.09,1.38,0
873,0.33,3.7,0.17,0.43,1.12,0
626,0.33,4.0,0.8,0.19,1.31,0
1747,0.33,3.7,1.99,0.2,1.17,0
395,0.0,1.0,1.82,0.11,0.04,0
1076,0.33,3.3,0.75,0.38,1.34,0
729,0.0,4.3,1.1,0.02,0.0,0
33,1.0,3.0,0.47,0.56,0.71,0
1768,0.33,3.1,0.91,0.42,1.39,0
1108,0.33,4.8,0.48,0.58,1.02,0
759,0.33,3.5,1.77,0.3,1.38,0
278,0.0,2.3,1.11,0.46,0.3,0
431,0.0,3.7,1.0,0.19,0.49,0
821,0.33,3.4,0.23,0.44,1.1,0
278,1.0,1.3,0.77,0.36,0.28,0
852,0.33,3.5,1.84,0.01,0.74,0
1077,0.67,2.0,0.31,0.19,1.25,0
591,0.0,1.4,0.98,0.38,0.77,0
1742,1.0,2.7,1.61,0.39,1.29,0
178,1.0,2.0,0.01,0.05,0.12,0
264,1.0,1.8,1.85,0.16,1.08,0
843,1.0,4.8,0.29,0.47,0.45,0
452,0.67,2.4,1.31,0.46,1.44,0
887,0.0,3.4,1.5,0.45,1.27,0
141,1.0,4.2,0.85,0.55,0.53,0
490,0.0,2.3,1.1,0.52,0.6,0
678,0.33,1.6,1.56,0.05,1.29,0
1536,1.0,4.8,1.04,0.03,0.22,1
1504,0.0,1.9,0.85,0.11,0.19,0
1626,0.33,3.4,0.62,0.27,0.28,0
104,0.67,3.8,1.17,0.59,1.14,0
1449,0.33,2.7,0.03,0.54,0.33,0
132,0.33,2.5,1.32,0.4,0.1,0
618,1.0,3.3,0.52,0.5,0.89,0
1664,0.0,1.7,0.76,0.26,0.88,0
185,0.0,4.7,0.18,0.52,0.6,0
1029,0.33,1.8,0.02,0.52,1.33,0
1028,0.33,3.4,1.36,0.46,0.04,0
1614,0.33,4.9,0.23,0.07,0.9,0
907,0.0,4.0,1.43,0.17,0.55,0
1553,0.67,3.6,0.84,0.54,1.22,0
1755,0.33,3.3,1.16,0.15,0.33,0
9,0.67,2.1,0.71,0.16,0.61,0
1947,0.0,2.1,0.41,0.52,1.21,0
955,0.0,3.2,0.58,0.1,0.8,0
132,0.33,1.7,0.31,0.45,1.31,0
477,1.0,4.8,1.44,0.27,0.22,1
1836,0.0,1.1,1.23,0.12,0.28,0
1546,1.0,3.4,1.51,0.09,1.34,0
227,0.0,3.3,0.3,0.57,0.78,0
1126,0.0,3.6,1.42,0.13,0.19,0
1364,0.33,1.6,1.36,0.47,1.48,0
255,0.0,1.7,0.0,0.05,0.02,0
888,0.0,1.1,1.04,0.35,0.83,0
737,1.0,4.3,1.15,0.33,0.49,0
344,1.0,1.5,1.19,0.12,1.26,0
702,0.0,3.6,1.91,0.36,1.38,0
1899,0.33,4.6,1.25,0.04,0.6,0
1296,0.0,4.6,0.0,0.04,0.76,0
1271,0.0,2.2,0.22,0.49,1.24,0
1651,0.0,2.0,1.28,0.36,0.63,0
1885,0.33,2.1,0.2,0.28,1.0,0
38,1.0,1.2,0.55,0.4,0.05,0
844,1.0,1.7,0.18,0.36,1.34,0
1813,0.67,2.4,0.94,0.12,0.58,0
599,0.67,3.2,1.1,0.39,0.11,0
169,0.0,2.0,0.63,0.47,0.41,0
1511,0.33,4.3,1.01,0.12,0.53,0
936,0.67,2.7,0.36,0.09,0.89,0
1020,0.33,3.0,0.68,0.57,0.61,0
1651,0.0,1.8,0.42,0.52,0.15,0
1715,0.67,1.3,0.07,0.01,0.67,0
293,1.0,3.5,1.22,0.59,1.06,0
736,0.0,1.4,1.75,0.15,1.31,0
1320,1.0,1.3,1.31,0.46,0.45,0
940,1.0,2.9,1.98,0.44,1.28,0
1648,0.67,4.3,0.44,0.08,0.2,1
568,0.67,2.8,0.1,0.15,0.46,0
1243,0.0,4.0,1.17,0.35,0.06,0
571,0.0,3.1,1.51,0.31,0.74,0
1591,0.33,3.4,1.11,0.52,1.5,0
1950,0.67,1.8,1.17,0.57,0.88,0
989,0.33,2.2,0.14,0.55,1.39,0
611,0.67,2.3,0.83,0.24,0.81,0
438,0.0,3.0,1.07,0.46,0.23,0
388,0.33,3.6,1.22,0.35,0.03,0
1350,1.0,2.8,1.73,0.51,1.45,0
716,0.67,4.7,1.39,0.46,0.77,0
1402,1.0,3.7,1.65,0.01,1.08,0
182,0.33,2.0,1.47,0.36,1.37,0
887,0.67,3.1,0.85,0.22,0.26,0
160,1.0,4.8,1.97,0.48,1.29,0
1054,0.33,2.1,1.79,0.03,0.29,0
1637,0.33,2.0,1.86,0.27,1.3,0
773,0.33,3.3,1.22,0.52,1.37,0
1950,0.33,2.5,0.16,0.0,0.3,0
278,0.0,1.9,0.4,0.46,0.11,0
1316,0.33,1.2,0.18,0.43,0.63,0
1413,0.33,1.5,0.03,0.22,1.45,0
712,0.33,2.9,1.82,0.59,1.48,0
1403,0.67,1.0,0.76,0.56,1.23,0
394,0.33,4.0,1.57,0.09,0.88,0
1213,1.0,4.3,1.91,0.56,0.56,0
1762,0.0,2.8,1.91,0.35,0.02,0
1132,0.67,2.3,1.05,0.31,0.81,0
1622,0.0,1.5,0.18,0.13,1.45,0
1625,0.33,1.2,0.74,0.47,1.38,0
939,0.0,1.1,0.26,0.52,0.7,0
907,0.0,3.5,1.58,0.5,0.88,0
524,0.67,4.5,0.33,0.52,0.7,0
654,0.0,3.3,1.89,0.1,1.46,0
1371,0.0,1.9,1.38,0.34,1.25,0
1688,0.33,3.7,1.57,0.2,1.13,0
1760,0.33,1.7,1.2,0.57,0.54,0
477,1.0,2.9,1.29,0.37,0.58,0
242,0.67,2.0,1.85,0.48,1.12,0
274,0.33,4.5,0.2,0.38,0.22,0
1215,0.33,3.8,0.56,0.31,1.08,0
1420,1.0,1.2,0.22,0.6,1.37,0
482,0.0,3.1,1.44,0.48,0.47,0
372,1.0,2.2,1.5,0.31,1.15,0
737,0.33,2.0,0.42,0.58,1.41,0
1197,0.0,2.0,1.92,0.37,0.12,0
936,0.67,1.3,0.47,0.39,1.36,0
245,1.0,1.7,1.27,0.11,0.06,0
116,1.0,3.0,0.85,0.41,1.36,0
1547,0.67,5.0,0.67,0.24,0.81,0
1088,0.33,4.4,1.82,0.49,0.02,0
825,0.33,1.6,1.67,0.07,0.8,0
1361,1.0,5.0,1.66,0.58,0.17,0
593,1.0,2.7,0.19,0.12,1.36,0
1435,1.0,3.5,0.5,0.07,1.44,0
1266,0.67,1.2,1.18,0.28,0.15,0
68,0.67,2.1,0.78,0.36,1.06,0
892,0.33,3.0,1.95,0.19,0.42,0
981,0.67,3.4,0.76,0.24,1.16,0
1482,0.67,3.6,1.98,0.06,0.46,1
397,0.0,4.1,1.77,0.13,0.42,0
1142,1.0,4.7,1.01,0.59,0.02,0
279,1.0,4.6,0.85,0.3,0.29,0
607,0.0,3.2,1.55,0.15,0.71,0
82,0.33,4.1,0.67,0.15,0.07,0
199,1.0,4.4,0.08,0.35,0.17,0
1,0.67,4.0,1.98,0.36,0.37,0
207,0.67,2.3,0.35,0.4,0.46,0
1348,0.33,3.0,0.56,0.18,1.19,0
378,0.67,4.7,0.32,0.07,0.55,1
1237,0.33,2.1,0.25,0.47,1.02,0
1968,0.33,4.5,0.11,0.44,1.16,0
314,0.67,3.6,1.98,0.12,1.11,0
321,1.0,3.6,1.48,0.29,0.95,0
1311,0.0,1.2,1.45,0.23,0.3,0
649,0.67,2.1,1.21,0.34,1.06,0
466,0.0,4.5,1.1,0.6,0.55,0
634,0.33,3.6,0.68,0.14,1.17,0
370,0.0,1.1,1.61,0.21,1.45,0
1505,0.33,4.2,1.77,0.38,0.31,0
628,1.0,4.1,0.04,0.02,0.26,1
672,0.0,2.8,0.33,0.1,0.58,0
271,0.33,2.2,0.7,0.12,0.42,0
1402,0.0,1.3,0.71,0.4,1.21,0
1511,0.33,3.1,0.69,0.07,0.2,0
359,0.0,1.7,0.46,0.42,0.17,0
703,0.0,4.5,1.04,0.21,0.96,0
510,0.67,1.3,0.54,0.56,0.65,0
179,1.0,1.2,1.86,0.6,0.38,0
1582,1.0,3.6,1.19,0.12,1.12,0
735,0.33,3.6,0.54,0.43,0.74,0
1673,0.33,4.9,0.01,0.22,0.43,0
1467,0.33,3.5,0.15,0.5,1.16,0
1768,0.33,4.6,1.92,0.55,0.81,0
565,0.0,2.3,1.93,0.21,1.4,0
1934,0.0,3.6,1.55,0.45,0.55,0
167,1.0,4.6,1.27,0.24,1.05,0
1913,0.67,2.5,1.11,0.33,0.58,0
439,0.67,2.6,0.58,0.59,0.87,0
1162,0.33,1.0,1.62,0.49,1.0,0
379,0.67,4.0,0.97,0.54,1.42,0
735,0.0,2.8,0.88,0.04,0.92,0
387,0.0,4.7,1.37,0.48,0.63,0
1325,0.0,1.1,0.03,0.11,0.69,0
1565,1.0,3.9,1.58,0.29,0.26,1
761,1.0,4.1,0.08,0.41,0.35,0
257,1.0,3.9,1.98,0.57,0.07,0
1449,0.33,1.5,1.99,0.56,0.88,0
1835,0.67,2.5,1.1,0.55,0.75,0
458,1.0,1.7,1.14,0.08,1.27,0
1087,0.0,3.3,1.3,0.08,1.06,0
1276,0.67,2.8,0.44,0.53,1.09,0
517,0.33,4.7,1.88,0.26,0.87,0
4,1.0,3.4,1.21,0.35,0.08,0
636,0.33,2.4,1.04,0.3,0.71,0
545,0.67,1.3,0.88,0.44,0.3,0
1266,0.67,3.5,1.19,0.27,0.11,1
1669,0.0,1.0,0.93,0.02,1.05,0
60,0.67,3.2,1.93,0.5,0.76,0
1895,0.33,1.3,1.39,0.32,0.19,0
309,0.33,4.2,0.93,0.24,1.01,0
760,0.33,2.9,0.35,0.38,0.98,0
2,0.67,2.7,1.98,0.11,0.18,0
103,0.0,4.0,1.28,0.57,0.55,0
1349,0.67,1.0,0.72,0.15,0.48,0
1619,0.33,3.9,0.09,0.09,0.23,0
1745,1.0,3.9,0.49,0.11,1.28,0
748,1.0,2.7,1.3,0.38,1.19,0
34,0.67,3.9,1.96,0.22,1.21,0
340,1.0,2.5,1.25,0.59,1.15,0
110,0.67,1.5,1.82,0.44,0.82,0
1420,1.0,3.8,0.42,0.13,0.82,0
473,0.33,3.5,0.55,0.18,0.41,0
1928,0.0,1.6,1.08,0.28,0.3,0
407,0.0,4.9,0.12,0.05,0.15,0
117,1.0,4.0,0.74,0.41,0.42,0
35,0.33,4.5,0.68,0.16,0.24,0
307,0.0,2.2,0.85,0.05,1.42,0
1673,0.33,3.4,0.36,0.18,1.17,0
555,0.33,2.5,1.64,0.34,1.21,0
1469,0.0,1.2,0.63,0.17,0.8,0
498,1.0,4.3,0.84,0.36,0.58,0
1944,0.67,1.7,0.64,0.23,0.36,0
897,0.0,2.5,1.13,0.06,0.17,0
1882,0.67,1.1,2.0,0.27,1.16,0
389,0.0,2.1,0.79,0.22,1.17,0
1821,0.33,2.4,0.4,0.08,1.47,0
1574,0.33,4.2,0.85,0.22,0.05,0
270,0.0,2.0,1.3,0.45,0.48,0
1993,0.33,3.3,0.27,0.57,0.6,0
1918,1.0,4.9,0.25,0.07,1.39,0
101,0.33,2.2,1.66,0.57,0.86,0
411,1.0,4.1,0.94,0.21,0.3,1
814,0.33,2.2,0.68,0.56,1.22,0
1666,1.0,2.4,1.81,0.34,1.33,0
325,0.67,2.5,0.98,0.59,0.35,0
1261,0.0,4.8,1.5,0.51,1.2,0
662,0.0,2.5,1.63,0.47,0.24,0
1076,0.67,1.9,0.84,0.18,0.57,0
1794,0.67,1.8,1.56,0.18,1.48,0
911,0.0,1.9,0.77,0.41,1.27,0
1403,0.33,3.3,0.89,0.33,0.57,0
323,0.33,2.6,0.92,0.24,0.73,0
1997,1.0,1.2,0.63,0.21,0.51,0
1001,0.67,3.4,1.73,0.55,1.42,0
1259,0.67,4.3,0.15,0.31,0.72,0
193,0.67,2.5,0.13,0.04,0.18,0
1808,1.0,3.1,0.91,0.19,0.41,0
83,0.67,1.3,0.47,0.35,0.05,0
1758,1.0,4.2,0.11,0.54,1.44,0
383,0.33,3.4,0.93,0.11,1.25,0
776,0.33,3.3,1.31,0.18,1.31,0
1135,0.67,4.4,0.6,0.11,0.0,1
143,0.0,3.1,0.54,0.49,0.9,0
1322,1.0,2.7,0.46,0.2,1.35,0
1249,0.33,3.7,1.47,0.1,0.97,0
661,0.0,1.8,2.0,0.56,1.37,0
1477,0.33,1.9,0.91,0.51,0.14,0
872,1.0,3.2,1.15,0.33,0.58,0
896,1.0,4.8,0.5,0.34,0.13,0
1894,1.0,3.2,0.98,0.46,0.14,0
247,1.0,2.2,1.34,0.09,0.1,0
1357,1.0,1.3,0.5,0.09,0.07,0
497,0.0,1.2,1.55,0.09,0.03,0
822,0.67,2.7,1.4,0.25,1.16,0
1528,1.0,1.2,1.1,0.07,0.97,0
14,1.0,3.3,1.03,0.53,1.1,0
1308,0.0,4.5,1.91,0.39,0.33,0
1360,0.0,3.2,0.67,0.14,0.19,0
388,0.0,3.1,0.35,0.54,1.23,0
1610,0.33,1.6,1.76,0.35,1.36,0
1647,1.0,1.8,1.8,0.18,0.27,0
24,0.0,3.0,1.56,0.1,0.59,0
384,0.0,2.6,1.62,0.34,1.18,0
1797,1.0,2.3,0.58,0.32,1.37,0
1255,0.0,4.1,1.77,0.49,0.11,0
1502,0.33,1.1,1.19,0.55,1.03,0
900,0.67,3.1,1.77,0.46,0.35,0
408,0.67,3.5,1.66,0.1,0.53,1
1663,0.67,1.5,1.29,0.25,1.08,0
320,1.0,4.9,0.84,0.25,0.27,1
1812,0.0,3.2,1.19,0.03,0.72,0
831,0.67,3.4,1.19,0.19,0.15,0
1519,0.0,1.0,1.89,0.1,0.41,0
640,0.0,1.7,1.19,0.6,0.39,0
22,0.33,2.8,1.96,0.38,0.81,0
622,0.67,2.0,0.56,0.49,1.48,0
778,0.67,3.3,0.6,0.42,1.23,0
1434,1.0,2.2,0.77,0.52,0.97,0
83,0.0,1.3,1.0,0.19,0.74,0
404,0.33,4.4,0.19,0.29,0.29,0
87,1.0,3.0,1.66,0.56,0.18,0
839,0.67,2.9,1.56,0.42,1.38,0
1010,0.33,4.8,1.42,0.38,0.24,0
591,1.0,1.4,0.62,0.18,0.42,0
96,0.33,3.9,1.14,0.04,0.55,0
1401,0.0,3.5,0.87,0.09,1.42,0
1746,0.67,2.1,1.35,0.53,0.35,0
620,0.33,1.9,1.63,0.21,1.35,0
971,0.0,4.3,0.74,0.59,1.04,0
1290,0.0,3.2,0.79,0.11,0.18,0
1997,1.0,1.6,1.52,0.21,0.73,0
1665,0.33,3.9,0.75,0.12,0.92,0
1908,0.0,4.7,1.96,0.3,0.13,0
1606,0.0,4.7,0.33,0.22,0.26,0
1647,0.0,2.8,0.73,0.45,1.47,0
786,0.33,4.0,0.54,0.2,0.24,0
787,0.67,4.0,0.6,0.45,0.49,0
717,1.0,3.7,0.9,0.23,1.09,0
1961,0.33,1.2,0.64,0.06,1.13,0
1580,0.0,4.6,0.09,0.37,1.22,0
778,0.67,1.2,1.96,0.26,0.73,0
1500,0.0,3.0,0.21,0.52,0.53,0
1141,0.33,2.2,0.48,0.32,0.31,0
1556,1.0,2.1,1.05,0.26,0.27,0
23,0.0,2.8,0.16,0.44,1.4,0
881,0.67,1.8,1.91,0.56,0.82,0
1573,0.33,2.6,1.99,0.2,1.21,0
1433,0.67,3.0,0.16,0.53,0.31,0
421,0.67,4.2,1.69,0.43,0.03,0
1954,0.33,2.2,1.91,0.13,0.78,0
541,0.33,3.7,1.91,0.26,0.86,0
1650,0.0,3.4,1.9,0.14,1.26,0
1037,0.67,3.8,1.35,0.25,1.34,0
1798,1.0,2.8,1.2,0.1,1.17,0
1889,1.0,3.5,0.82,0.03,1.45,0
603,0.0,2.7,0.18,0.37,0.76,0
1212,0.33,2.6,0.29,0.57,0.67,0
652,0.67,5.0,1.42,0.16,0.21,1
1221,0.0,1.4,1.24,0.57,0.93,0
610,0.67,1.4,0.83,0.54,0.28,0
410,1.0,2.9,1.72,0.14,0.75,0
1929,0.33,4.9,0.46,0.56,0.61,0
948,0.0,4.5,1.28,0.14,0.12,0
1801,0.0,2.5,0.64,0.44,0.31,0
1525,0.0,1.3,0.27,0.23,0.05,0
959,1.0,1.4,1.54,0.23,1.06,0
354,0.0,4.0,1.58,0.23,0.26,0
1404,0.0,4.7,0.01,0.24,0.32,0
279,1.0,4.9,0.13,0.22,0.3,1
1309,0.67,3.2,1.42,0.31,0.61,0
652,0.0,2.2,0.72,0.4,0.79,0
1100,0.0,3.0,1.49,0.43,0.76,0
1347,0.67,4.8,0.63,0.07,1.33,0
835,0.67,4.6,0.68,0.11,1.4,0
530,0.33,1.3,1.51,0.15,1.22,0
1402,0.0,3.1,1.54,0.36,0.68,0
1188,1.0,2.2,1.13,0.44,1.37,0
299,0.67,2.1,0.48,0.23,0.42,0
772,0.0,3.8,1.66,0.51,1.45,0
1372,0.67,2.3,1.47,0.3,0.4,0
968,0.67,4.7,0.53,0.04,0.04,1
1312,0.67,3.2,1.07,0.52,0.47,0
21,0.67,3.2,0.53,0.41,0.87,0
1407,0.67,3.9,1.79,0.28,0.35,1
1890,0.67,1.4,0.2,0.42,0.11,0
404,1.0,2.9,1.53,0.23,0.64,0
1102,0.33,2.8,1.16,0.52,0.73,0
1171,0.33,3.6,1.87,0.26,1.02,0
944,0.33,3.9,0.9,0.46,0.38,0
1885,0.0,1.9,0.84,0.55,0.72,0
1650,0.67,1.9,1.41,0.04,1.27,0
1819,1.0,2.8,1.54,0.25,0.96,0
1953,0.67,3.1,0.06,0.25,0.76,0
359,0.33,2.4,0.87,0.54,1.03,0
132,0.0,3.3,1.67,0.39,0.6,0
249,1.0,2.2,0.0,0.09,1.44,0
958,0.67,4.8,1.18,0.2,0.77,1
1513,0.67,3.5,1.85,0.23,0.49,1
878,0.67,1.7,0.88,0.33,1.17,0
988,0.67,3.2,1.75,0.05,1.06,0
434,0.0,4.9,1.63,0.2,0.1,0
1368,0.33,3.3,0.75,0.55,0.73,0
885,0.67,4.2,0.98,0.21,0.62,1
902,1.0,4.7,2.0,0.14,1.02,0
1096,1.0,4.8,1.97,0.27,1.41,0
651,0.0,2.2,1.58,0.6,0.93,0
1369,0.33,3.5,0.4,0.35,0.15,0
462,0.33,1.6,1.18,0.43,0.65,0
757,0.0,4.5,1.23,0.33,0.88,0
732,0.33,4.3,1.37,0.29,0.36,0
954,0.67,1.0,0.64,0.4,1.17,0
565,1.0,2.6,1.42,0.51,0.78,0
220,0.33,4.1,1.17,0.19,1.14,0
1130,0.33,2.6,0.79,0.38,1.18,0
634,0.33,3.8,1.59,0.53,1.12,0
1419,0.67,4.3,1.82,0.4,1.02,0
1068,0.33,4.4,0.77,0.58,0.66,0
464,1.0,5.0,0.07,0.26,0.92,0
1747,0.0,4.1,0.15,0.13,0.22,0
929,0.33,1.9,0.59,0.33,1.08,0
1126,0.0,1.2,0.34,0.3,0.47,0
370,1.0,1.5,0.35,0.34,0.12,0
1218,0.67,1.7,1.09,0.05,1.08,0
969,0.0,3.6,1.32,0.01,0.03,0
79,1.0,4.0,1.31,0.38,0.48,0
812,0.33,1.7,0.04,0.21,0.56,0
861,1.0,3.6,1.21,0.12,0.81,0
1441,1.0,1.7,0.32,0.36,0.0,0
237,0.0,4.3,1.18,0.28,0.66,0
1561,1.0,3.0,1.02,0.23,0.17,0
1739,0.0,2.6,0.05,0.39,0.14,0
206,0.67,3.2,1.35,0.36,0.3,0
1745,1.0,3.8,1.15,0.18,0.07,1
955,0.67,3.7,1.95,0.03,0.71,1
1060,0.33,3.6,0.39,0.34,0.98,0
269,0.67,3.4,0.11,0.18,1.5,0
1182,0.33,4.4,1.47,0.52,0.59,0
861,0.67,3.7,1.14,0.56,1.36,0
1485,1.0,4.5,0.46,0.04,0.16,1
652,0.67,3.2,0.27,0.31,0.15,0
1231,1.0,4.7,0.69,0.36,0.34,0
1000,0.33,4.5,1.38,0.08,0.02,0
1119,0.33,4.8,0.47,0.26,1.17,0
1514,0.33,2.6,1.66,0.41,1.12,0
791,1.0,3.3,1.75,0.31,1.32,0
235,0.0,5.0,0.64,0.5,0.83,0
1159,1.0,4.3,0.67,0.12,0.78,1
1449,0.0,2.9,0.91,0.37,0.24,0
1225,1.0,1.6,0.04,0.08,0.09,0
330,1.0,2.1,0.65,0.21,0.88,0
1168,0.33,3.8,0.17,0.37,0.97,0
171,0.67,2.5,0.51,0.27,0.82,0
1758,0.33,2.7,1.22,0.4,0.53,0
366,0.33,1.2,0.43,0.05,0.3,0
715,0.33,3.6,1.64,0.03,0.66,0
1083,0.67,1.4,0.32,0.46,0.09,0
281,1.0,4.7,0.12,0.19,0.21,1
929,0.33,3.0,0.68,0.26,0.35,0
856,0.33,4.3,1.02,0.25,1.08,0
1980,0.0,4.7,1.07,0.13,0.79,0
1817,1.0,4.0,0.4,0.56,1.42,0
973,0.0,3.2,1.33,0.31,0.24,0
1494,0.67,1.3,1.59,0.48,0.11,0
1242,0.33,1.5,1.88,0.07,0.91,0
1473,0.33,1.3,1.0,0.47,0.59,0
415,0.67,2.8,1.1,0.5,0.45,0
1504,1.0,1.8,0.66,0.06,1.42,0
38,0.0,4.4,1.38,0.51,0.7,0
360,0.0,3.1,1.77,0.55,0.36,0
1940,0.0,2.6,1.74,0.56,1.1,0
1422,0.67,4.5,0.58,0.16,1.1,0
1160,0.33,3.0,0.38,0.08,0.12,0
597,0.67,2.4,1.97,0.06,1.43,0
420,0.67,3.5,1.92,0.19,0.78,1
1266,0.0,3.7,1.91,0.22,1.44,0
1776,0.33,4.6,0.27,0.48,0.61,0
937,0.67,4.6,0.53,0.45,0.34,0
396,0.0,3.7,1.71,0.55,1.05,0
1190,1.0,1.3,0.57,0.3,0.49,0
1481,0.0,3.1,0.66,0.2,1.47,0
1620,0.33,1.9,0.83,0.53,0.64,0
1218,0.67,2.5,0.33,0.3,0.24,0
1587,0.33,3.4,1.89,0.52,0.14,0
1601,0.67,4.7,1.51,0.46,0.59,0
153,0.33,3.5,1.22,0.26,0.44,0
630,0.67,2.0,0.79,0.19,0.45,0
1154,0.33,3.7,1.56,0.35,1.24,0
5,1.0,4.8,0.94,0.54,1.49,0
587,1.0,3.5,1.81,0.21,0.31,1
1659,0.33,1.3,0.81,0.28,0.46,0
353,0.0,2.3,1.44,0.38,0.37,0
1077,0.0,1.8,1.02,0.23,0.69,0
1276,1.0,1.9,1.98,0.32,1.22,0
1840,0.67,3.5,1.91,0.3,0.88,0
282,0.0,3.8,0.36,0.36,1.08,0
1672,1.0,1.1,0.74,0.14,0.65,0
1245,1.0,4.1,1.47,0.34,0.31,0
1082,0.67,4.9,0.05,0.07,0.83,0
170,0.0,4.4,1.63,0.44,0.47,0
580,1.0,4.8,1.09,0.48,1.19,0
1969,0.33,3.0,0.31,0.33,0.79,0
1221,0.0,4.7,1.73,0.06,1.39,0
678,0.33,2.5,1.43,0.36,0.28,0
845,1.0,2.8,0.77,0.44,0.0,0
1936,0.33,1.3,1.03,0.57,0.69,0
1178,0.33,1.9,1.42,0.53,1.38,0
689,0.0,1.4,1.21,0.47,1.3,0
1815,0.33,1.4,1.28,0.38,0.18,0
1419,1.0,2.7,0.24,0.21,0.38,0
1052,0.67,1.9,1.32,0.07,0.59,0
1494,0.33,4.0,0.48,0.59,1.33,0
951,0.0,4.8,1.38,0.34,0.86,0
15,0.33,2.0,0.45,0.26,1.08,0
1529,0.33,2.9,0.77,0.3,0.45,0
389,1.0,1.4,1.55,0.48,1.4,0
1790,0.67,3.2,0.41,0.24,0.86,0
606,0.0,3.4,0.16,0.42,0.01,0
1319,1.0,4.3,0.91,0.43,0.69,0
1532,0.0,4.5,1.88,0.08,0.46,0
1366,0.33,2.4,0.62,0.04,0.41,0
275,0.0,3.3,0.53,0.57,1.23,0
1663,0.0,2.8,0.11,0.36,0.1,0
1281,0.33,1.1,0.55,0.23,0.46,0
154,1.0,3.5,1.45,0.49,0.78,0
651,0.33,4.5,1.55,0.23,1.02,0
253,0.33,3.1,0.61,0.5,1.45,0
228,0.67,2.1,1.94,0.18,0.25,0
1508,1.0,4.8,1.96,0.06,0.32,1
1646,0.67,1.3,0.23,0.39,0.23,0
1757,0.67,4.8,1.5,0.07,0.6,1
1720,0.33,4.0,1.73,0.44,1.3,0
1332,0.67,3.9,1.55,0.31,0.48,0
42,0.33,1.4,1.19,0.55,0.21,0
1048,0.33,1.7,0.57,0.44,0.29,0
773,0.33,1.9,1.86,0.16,0.18,0
540,0.67,4.4,1.61,0.28,1.12,0
1068,1.0,1.4,1.43,0.31,1.36,0
1468,0.67,2.6,1.64,0.49,0.03,0
1724,1.0,4.3,0.5,0.18,0.91,0
1860,1.0,2.8,1.32,0.53,0.51,0
1647,0.67,1.5,1.19,0.27,1.46,0
633,0.67,4.8,0.95,0.01,1.28,0
1095,1.0,1.2,0.05,0.3,1.1,0
428,1.0,4.8,0.99,0.52,1.16,0
248,1.0,1.4,0.35,0.6,1.33,0
69,0.33,3.5,1.13,0.42,0.94,0
44,0.0,3.9,0.97,0.59,0.2,0
883,0.33,1.9,1.38,0.41,0.9,0
300,1.0,1.9,1.19,0.55,1.3,0
540,0.33,3.3,1.81,0.01,1.34,0
919,0.67,2.0,1.7,0.54,1.3,0
1882,0.67,3.4,0.21,0.4,0.03,0
358,0.33,2.8,0.79,0.41,0.3,0
1455,0.0,4.8,0.87,0.47,0.44,0
1462,0.33,2.3,1.39,0.19,1.3,0
1176,0.33,2.9,0.63,0.01,0.78,0
101,0.33,1.6,1.01,0.09,0.94,0
160,0.0,4.1,0.92,0.38,0.27,0
1794,1.0,2.4,1.45,0.33,0.49,0
621,0.0,3.8,0.76,0.22,0.99,0
1544,0.33,1.5,1.82,0.44,0.13,0
783,0.67,2.2,1.5,0.02,1.23,0
713,1.0,3.6,1.73,0.3,0.04,0
1051,0.33,1.8,1.91,0.58,0.24,0
1871,0.0,2.7,1.92,0.28,0.14,0
1904,1.0,1.5,0.28,0.59,1.08,0
1342,1.0,1.3,0.23,0.15,0.76,0
1947,0.33,2.7,0.38,0.02,0.64,0
1365,0.67,1.6,1.25,0.51,0.52,0
1694,0.67,1.8,0.99,0.27,0.1,0
1363,0.33,2.4,1.62,0.1,0.2,0
1608,0.33,3.3,1.22,0.12,0.58,0
1568,0.0,3.1,1.45,0.59,1.21,0
1875,0.67,2.5,1.57,0.3,0.61,0
522,1.0,3.5,0.77,0.56,1.28,0
477,1.0,1.2,0.36,0.42,1.29,0
1003,0.0,2.4,1.18,0.6,0.42,0
153,0.0,4.7,1.36,0.22,0.45,0
1130,1.0,3.0,1.24,0.28,0.26,0
232,0.33,2.7,0.51,0.06,1.25,0
986,0.33,1.6,0.19,0.27,0.7,0
411,0.0,2.2,0.93,0.03,1.14,0
853,0.67,4.8,0.33,0.0,0.89,0
1657,1.0,3.1,0.36,0.6,0.24,0
381,0.67,3.3,1.94,0.25,1.02,0
92,1.0,3.2,0.13,0.47,0.42,0
1033,1.0,3.1,0.73,0.42,0.17,0
1604,1.0,2.2,1.49,0.42,1.23,0
1721,0.33,2.6,1.02,0.05,0.42,0
427,0.67,3.4,0.47,0.08,0.52,0
451,1.0,4.6,1.41,0.0,0.49,1
484,0.0,3.8,1.23,0.08,1.13,0
127,1.0,3.6,1.44,0.12,0.23,1
1729,0.0,3.2,0.5,0.31,0.98,0
1825,0.67,2.0,0.0,0.22,1.27,0
361,0.0,3.2,0.83,0.44,0.89,0
37,0.67,1.7,0.51,0.18,0.51,0
1405,1.0,3.8,1.57,0.53,1.15,0
1419,0.0,4.9,0.43,0.52,1.04,0
108,1.0,4.2,1.55,0.15,1.31,0
1611,1.0,2.6,1.94,0.58,0.53,0
174,0.67,3.1,1.6,0.23,1.07,0
1954,0.0,4.9,1.8,0.34,1.25,0
556,1.0,3.8,1.94,0.24,1.15,0
267,1.0,4.3,0.04,0.57,0.33,0
1758,0.67,3.3,0.67,0.31,0.63,0
979,0.0,4.3,0.85,0.19,1.02,0
1042,0.67,4.1,0.93,0.12,0.93,0
743,0.67,1.4,0.45,0.2,0.29,0
1756,0.0,3.9,1.52,0.35,0.9,0
803,0.67,3.3,0.95,0.24,0.44,0
1799,0.0,2.3,0.86,0.52,1.42,0
1479,1.0,4.1,0.7,0.52,0.23,0
999,0.0,1.3,0.19,0.32,0.94,0
1430,0.67,3.6,0.31,0.19,1.27,0
922,0.33,2.8,1.37,0.58,0.05,0
1755,0.67,1.1,0.54,0.22,1.01,0
897,0.0,5.0,1.83,0.15,0.35,0
1726,1.0,2.1,0.78,0.11,0.2,0
662,0.67,3.6,1.73,0.42,0.55,0
1833,1.0,1.2,1.34,0.0,0.12,0
852,1.0,5.0,1.41,0.51,0.4,0
1611,0.0,1.1,0.95,0.24,0.71,0
1320,0.0,4.1,1.65,0.21,0.41,0
943,0.67,4.7,0.53,0.11,1.07,0
1016,0.67,4.6,1.16,0.05,1.45,0
827,1.0,3.4,1.35,0.04,1.43,0
321,0.33,3.8,1.8,0.4,0.09,0
512,0.0,2.8,1.67,0.46,1.03,0
417,0.33,4.1,0.93,0.11,0.17,0
162,0.33,1.7,1.53,0.22,0.8,0
1081,0.33,3.4,1.57,0.12,0.53,0
21,0.33,5.0,1.91,0.06,1.09,0
198,0.67,4.1,0.84,0.28,0.33,1
980,0.67,1.6,0.51,0.11,0.29,0
296,0.0,1.6,1.73,0.13,0.18,0
1878,1.0,1.7,0.65,0.44,0.82,0
135,0.0,4.5,1.38,0.23,1.4,0
641,0.33,2.9,1.65,0.37,0.07,0
234,1.0,1.4,0.43,0.42,0.53,0
834,0.0,3.4,0.51,0.4,0.59,0
1719,0.33,2.7,0.89,0.46,0.55,0
1382,0.67,2.4,0.48,0.23,1.47,0
838,0.67,1.8,1.84,0.6,0.09,0
849,0.0,4.1,1.23,0.03,0.0,0
333,0.0,2.6,0.67,0.25,1.27,0
1631,0.0,3.0,1.02,0.54,0.7,0
57,1.0,4.1,0.96,0.12,0.13,1
808,0.67,3.4,0.59,0.15,0.4,0
1325,1.0,4.0,0.26,0.19,1.06,0
1920,0.33,4.3,0.4,0.44,0.01,0
1502,1.0,2.0,1.69,0.45,0.01,0
1633,1.0,3.3,0.75,0.35,0.62,0
1203,0.0,4.4,1.85,0.58,0.6,0
613,1.0,3.1,0.08,0.53,0.5,0
289,0.0,4.3,1.42,0.26,0.28,0
369,0.0,3.1,1.8,0.56,1.38,0
376,0.0,3.7,0.18,0.03,0.62,0
804,0.33,1.4,0.47,0.52,0.34,0
1231,0.67,4.7,0.48,0.18,1.48,0
1412,0.67,2.3,1.76,0.11,0.46,0
714,0.0,4.0,0.01,0.18,0.2,0
1804,0.0,2.2,1.15,0.33,1.07,0
1396,0.67,4.3,0.83,0.35,0.64,0
570,0.33,2.7,1.52,0.3,1.46,0
1470,0.0,3.5,0.37,0.39,1.02,0
869,0.67,2.3,1.85,0.52,0.3,0
1774,0.0,1.7,1.84,0.44,0.92,0
1683,0.0,1.9,0.01,0.4,1.01,0
382,0.0,3.5,0.37,0.13,0.04,0
1233,0.33,4.7,1.3,0.43,0.48,0
1798,0.33,4.3,1.62,0.21,1.4,0
584,1.0,3.7,0.84,0.59,0.37,0
1870,0.0,1.1,1.44,0.02,0.64,0
462,0.33,2.9,0.53,0.07,0.59,0
1035,0.33,4.2,0.63,0.3,1.12,0
1294,0.0,3.5,0.78,0.06,0.82,0
65,0.67,3.3,0.29,0.3,1.39,0
443,1.0,3.7,0.7,0.42,1.32,0
1245,0.33,2.5,0.68,0.1,1.19,0
1320,0.67,3.0,1.66,0.45,1.37,0
349,0.33,3.3,1.65,0.02,1.37,0
721,0.0,4.3,1.38,0.12,1.13,0
1165,0.33,1.8,0.88,0.06,0.28,0
1541,1.0,2.9,1.55,0.53,0.57,0
492,0.33,4.2,1.35,0.54,1.24,0
1524,0.0,3.9,0.71,0.27,0.64,0
6,0.67,4.4,1.73,0.54,0.97,0
1300,0.0,2.7,1.87,0.0,0.49,0
442,0.67,4.7,1.94,0.02,0.55,1
559,0.0,1.0,0.97,0.31,0.07,0
330,0.0,1.5,1.15,0.17,1.1,0
1546,0.0,3.9,0.3,0.11,1.34,0
1833,0.33,2.2,0.6,0.05,1.4,0
1160,0.0,3.2,1.13,0.37,0.0,0
1190,0.0,2.6,1.93,0.14,0.18,0
158,0.33,4.6,1.82,0.51,1.15,0
1990,1.0,5.0,1.94,0.53,1.42,0
57,0.67,3.4,0.43,0.16,1.25,0
990,0.33,4.4,1.64,0.27,0.2,0
1036,0.33,1.1,0.8,0.52,1.42,0
681,0.33,3.8,1.76,0.46,0.5,0
430,0.0,2.4,0.13,0.48,1.04,0
86,1.0,3.7,1.1,0.04,0.02,1
1172,0.33,1.4,1.95,0.58,1.14,0
1189,1.0,2.2,1.74,0.55,1.39,0
477,1.0,2.4,0.45,0.27,0.36,0
512,0.67,4.1,1.06,0.21,0.79,1
325,0.0,4.2,1.07,0.41,0.38,0
523,0.67,2.4,0.31,0.34,1.32,0
1849,0.67,4.9,0.18,0.28,0.61,1
1841,0.67,3.9,1.69,0.26,0.88,0
435,1.0,2.2,1.83,0.16,0.53,0
1189,1.0,4.9,1.54,0.37,0.08,0
311,1.0,2.2,1.83,0.12,0.99,0
241,1.0,3.9,1.32,0.11,0.19,1
252,0.33,1.9,1.3,0.22,1.17,0
1479,0.0,3.5,0.29,0.34,0.88,0
945,0.67,4.7,1.5,0.5,0.11,0
618,0.67,4.5,0.86,0.47,0.13,0
633,0.0,4.5,0.51,0.47,0.33,0
1899,0.33,5.0,0.69,0.21,1.4,0
667,0.67,2.2,1.52,0.54,1.48,0
1581,0.33,3.6,0.84,0.36,0.02,0
1381,0.33,3.6,1.74,0.52,0.06,0
1674,1.0,1.5,1.89,0.08,0.23,0
1148,0.67,2.0,0.25,0.16,0.12,0
1952,1.0,4.4,0.11,0.33,0.99,0
1161,1.0,2.3,1.49,0.52,0.56,0
1749,1.0,4.2,0.65,0.07,0.57,1
881,0.67,2.2,1.7,0.57,1.22,0
1971,0.0,3.9,0.95,0.15,0.91,0
851,0.0,1.1,0.93,0.13,0.91,0
1264,0.33,2.6,1.42,0.58,1.32,0
890,1.0,4.4,1.81,0.33,1.23,0
462,0.67,4.5,0.45,0.27,1.41,0
1432,0.0,2.7,0.83,0.2,0.79,0
845,0.67,4.2,1.85,0.56,0.84,0
528,1.0,4.2,1.63,0.39,0.35,0
1077,0.33,3.4,1.88,0.03,0.31,0
1101,1.0,2.4,0.55,0.54,1.46,0
685,0.0,1.2,1.54,0.24,0.04,0
1648,0.67,4.1,1.45,0.15,0.5,1
1743,0.67,2.8,0.04,0.23,0.04,0
1341,1.0,4.3,0.95,0.57,1.09,0
1201,0.67,3.5,0.34,0.09,0.91,0
1474,1.0,1.9,0.88,0.48,0.5,0
143,0.33,1.5,1.71,0.45,1.27,0
1826,0.0,2.7,1.45,0.42,0.71,0
472,0.67,2.2,0.25,0.59,0.76,0
568,0.67,3.4,1.87,0.35,0.61,0
1809,0.67,3.2,1.76,0.43,1.24,0
1909,0.0,2.6,1.14,0.19,0.98,0
1628,0.0,2.8,1.0,0.39,0.89,0
1445,0.33,1.1,0.95,0.43,0.36,0
1809,0.0,4.6,1.62,0.31,0.73,0
1307,1.0,4.7,0.37,0.51,1.4,0
1072,0.67,2.3,1.98,0.2,1.11,0
1181,0.67,1.5,0.31,0.36,1.17,0
1715,0.33,2.6,0.93,0.2,1.24,0
1010,0.33,3.0,1.39,0.2,1.15,0
295,0.67,4.1,0.99,0.09,0.8,0
1575,0.67,4.1,0.04,0.54,0.28,0
778,1.0,1.3,1.34,0.17,0.32,0
1918,0.0,1.9,0.6,0.22,1.16,0
1984,0.0,3.6,1.51,0.02,1.37,0
811,0.33,1.1,1.49,0.01,0.72,0
1970,1.0,4.1,1.56,0.18,1.46,0
1798,0.33,3.2,1.65,0.13,1.11,0
1497,0.0,1.5,1.51,0.31,0.87,0
1884,1.0,2.0,0.5,0.07,0.73,0
759,1.0,2.2,0.42,0.49,0.04,0
626,0.33,4.7,1.6,0.42,1.26,0
1434,0.33,4.5,0.69,0.06,0.23,0
1975,0.33,2.0,1.28,0.13,1.04,0
1326,1.0,4.7,0.82,0.18,1.24,0
20,0.33,2.4,0.34,0.39,0.13,0
232,0.0,2.9,1.14,0.28,1.02,0
371,1.0,1.9,1.77,0.43,1.27,0
1695,0.67,1.6,0.27,0.03,0.72,0
1674,0.67,4.4,0.15,0.01,0.93,0
1795,0.33,3.4,1.41,0.43,0.88,0
1769,0.67,2.6,0.77,0.39,0.83,0
342,1.0,3.0,1.03,0.11,0.86,0
1147,0.33,1.3,1.22,0.39,0.69,0
251,0.67,4.0,0.16,0.6,1.24,0
1860,0.0,3.0,0.87,0.55,0.31,0
1858,0.0,4.8,1.6,0.37,0.35,0
1782,0.67,2.7,0.09,0.48,0.13,0
952,1.0,1.7,0.05,0.38,0.36,0
1550,1.0,1.5,1.49,0.38,1.24,0
1622,0.0,2.4,0.45,0.42,0.71,0
1999,0.67,2.9,1.1,0.44,0.2,0
1281,0.33,3.2,1.11,0.01,0.85,0
901,1.0,4.8,0.26,0.44,0.64,0
1026,0.0,2.7,0.48,0.3,0.53,0
286,0.0,3.7,0.36,0.21,1.21,0
1300,0.0,4.7,1.33,0.07,1.45,0
193,1.0,4.0,0.02,0.26,0.7,1
934,0.67,3.3,0.79,0.11,0.67,0
1628,0.0,2.8,0.01,0.52,1.1,0
147,0.67,1.7,1.94,0.52,1.26,0
1584,0.67,2.6,1.51,0.43,0.13,0
527,0.33,3.9,1.73,0.33,0.39,0
426,1.0,4.0,0.64,0.55,1.24,0
1800,0.33,4.3,0.67,0.47,0.87,0
704,1.0,3.3,1.56,0.09,0.76,0
715,1.0,2.5,0.5,0.17,0.71,0
1062,0.33,3.1,0.85,0.07,0.89,0
73,0.67,3.6,0.95,0.56,0.27,0
499,1.0,2.4,1.42,0.21,0.95,0
141,0.0,3.7,0.45,0.0,0.25,0
52,0.0,4.1,1.78,0.52,0.09,0
1116,0.67,4.4,1.79,0.06,0.78,1
1916,0.33,1.1,0.57,0.02,1.01,0
1898,0.0,3.8,0.79,0.34,0.81,0
77,0.33,2.6,0.33,0.25,1.16,0
881,1.0,3.3,1.92,0.27,1.03,0
1470,0.0,2.2,0.74,0.36,0.96,0
711,0.0,3.1,1.58,0.28,1.29,0
1311,0.0,3.5,1.11,0.47,0.79,0
17,1.0,4.8,1.62,0.42,0.4,0
796,0.33,2.8,0.72,0.54,0.22,0
908,0.0,2.1,1.65,0.5,0.78,0
1087,1.0,3.6,0.98,0.28,0.44,1
1056,0.0,3.3,1.32,0.4,0.49,0
32,0.67,1.1,0.07,0.23,0.95,0
306,1.0,3.5,1.16,0.02,0.15,1
177,0.0,2.7,1.0,0.46,1.32,0
1087,0.0,4.3,1.98,0.43,1.33,0
1174,0.33,4.9,1.45,0.38,0.83,0
1881,0.0,3.5,1.29,0.31,0.6,0
1996,0.33,3.2,1.1,0.04,1.32,0
684,1.0,2.7,0.6,0.41,0.99,0
324,0.0,2.7,0.07,0.57,0.56,0
26,0.67,5.0,0.56,0.31,0.61,0
979,1.0,2.7,0.58,0.17,0.69,0
1360,0.33,1.1,1.56,0.16,0.04,0
782,1.0,4.8,0.62,0.3,1.09,0
1342,1.0,2.0,1.6,0.19,1.09,0
685,1.0,3.9,0.9,0.28,0.25,1
1909,1.0,4.9,0.41,0.33,0.7,0
1470,0.0,1.4,0.11,0.25,0.74,0
1269,0.33,1.3,1.75,0.55,0.91,0
1198,0.33,2.6,1.85,0.17,0.86,0
1336,0.67,4.4,1.29,0.52,1.18,0
662,0.67,4.8,1.51,0.5,1.16,0
1907,0.33,2.7,0.03,0.37,1.49,0
1482,0.67,2.6,0.16,0.22,0.77,0
715,0.0,3.3,1.05,0.59,0.46,0
1223,1.0,2.6,1.97,0.38,0.61,0
1897,0.33,1.6,0.9,0.03,0.54,0
1570,0.67,1.8,1.74,0.07,0.28,0
1772,0.0,1.1,1.26,0.42,0.3,0
790,0.0,1.8,1.97,0.55,1.23,0
1013,1.0,4.1,1.08,0.56,1.17,0
955,0.33,3.4,0.28,0.06,0.19,0
1759,1.0,3.1,1.5,0.31,0.88,0
1739,0.0,1.9,1.35,0.57,0.69,0
904,0.0,4.8,1.68,0.33,0.54,0
628,0.33,3.5,1.3,0.17,1.05,0
1206,0.67,2.1,1.45,0.14,0.38,0
225,0.67,1.0,1.98,0.37,0.66,0
237,0.33,3.5,0.41,0.31,1.47,0
1769,0.67,1.3,0.09,0.59,0.38,0
369,1.0,3.0,0.8,0.43,1.26,0
1586,0.67,1.4,1.56,0.53,1.42,0
1500,0.0,2.4,0.37,0.36,1.38,0
899,0.33,3.9,1.72,0.1,0.09,0
179,0.67,1.9,0.81,0.51,1.25,0
789,0.67,3.0,0.16,0.06,1.32,0
1681,0.33,3.9,1.78,0.05,1.19,0
870,0.33,1.3,0.39,0.56,0.24,0
1942,0.0,4.4,1.23,0.3,1.48,0
555,0.33,4.1,0.5,0.27,0.08,0
251,1.0,4.9,0.25,0.05,0.14,1
1820,1.0,4.5,1.87,0.53,1.48,0
110,1.0,1.2,1.19,0.23,0.35,0
133,0.67,1.4,1.82,0.53,0.53,0
457,0.0,4.2,1.49,0.49,0.21,0
1453,1.0,1.4,1.94,0.36,1.37,0
326,0.33,4.1,1.28,0.31,0.5,0
1094,0.67,1.9,0.68,0.32,1.39,0
75,0.0,3.6,1.12,0.04,1.03,0
1527,0.33,2.3,1.65,0.33,1.24,0
1548,1.0,4.3,0.76,0.21,1.38,0
18,0.67,1.4,0.9,0.53,0.69,0
1023,0.0,3.7,0.89,0.47,1.11,0
1932,0.0,4.1,0.71,0.45,0.41,0
883,0.67,2.4,0.98,0.07,0.97,0
227,1.0,1.6,1.5,0.42,1.1,0
24,0.67,4.2,1.11,0.16,1.32,0
1725,0.0,1.8,1.06,0.29,1.39,0
165,0.33,4.7,0.36,0.01,0.58,0
332,0.33,4.8,1.85,0.54,1.43,0
1828,1.0,1.4,1.52,0.48,0.83,0
1125,0.67,2.3,0.83,0.17,1.36,0
986,0.33,3.3,0.22,0.2,0.63,0
558,0.0,2.4,1.82,0.51,0.72,0
1682,0.33,3.2,1.3,0.44,0.93,0
309,1.0,1.3,0.69,0.55,0.92,0
858,0.67,2.4,1.92,0.52,0.2,0
1100,1.0,4.9,1.52,0.05,0.93,0
649,1.0,3.7,0.3,0.1,0.97,0
1399,0.67,1.1,1.41,0.25,1.15,0
166,0.67,3.9,1.06,0.37,1.11,0
69,0.67,4.2,1.56,0.06,0.91,0
80,0.33,2.9,0.65,0.59,1.21,0
744,0.33,2.8,0.07,0.56,1.4,0
1218,0.67,4.5,1.47,0.3,0.5,0
1304,0.67,3.0,0.26,0.54,1.37,0
1702,0.0,2.3,0.57,0.28,0.65,0
1395,1.0,5.0,0.34,0.46,1.28,0
512,0.0,4.0,1.86,0.23,0.5,0
821,0.33,1.5,1.91,0.11,0.27,0
1169,0.67,1.0,0.67,0.5,0.53,0
580,0.0,1.5,0.84,0.42,1.3,0
1582,0.0,4.1,0.31,0.13,1.03,0
1143,0.0,3.1,1.08,0.4,1.34,0
1064,1.0,4.0,0.73,0.3,0.84,0
695,0.33,1.2,0.49,0.21,0.13,0
1304,0.0,2.2,1.9,0.27,1.2,0
1646,0.67,1.1,0.11,0.22,0.25,0
1087,0.67,1.9,0.28,0.6,1.16,0
729,0.0,1.3,1.94,0.31,0.66,0
1378,0.0,3.1,1.01,0.02,1.36,0
1029,0.33,1.7,0.14,0.19,0.13,0
1802,0.33,5.0,0.39,0.14,0.86,0
10,1.0,2.8,1.27,0.52,0.97,0
20,0.67,1.6,0.55,0.51,0.45,0
262,0.0,4.4,1.19,0.49,0.35,0
1343,1.0,3.0,0.03,0.57,0.25,0
348,0.0,3.0,1.78,0.55,0.04,0
304,1.0,4.0,1.76,0.46,0.51,0
204,0.0,2.1,0.89,0.39,0.31,0
1794,1.0,3.9,1.26,0.53,0.21,0
64,0.0,3.0,0.41,0.08,0.54,0
700,1.0,3.0,0.04,0.54,0.04,0
497,1.0,2.8,0.78,0.4,0.48,0
1799,0.0,4.2,0.31,0.21,1.3,0
1783,0.0,2.5,0.75,0.58,1.21,0
1221,0.67,3.9,1.68,0.1,1.07,0
1788,0.33,2.6,1.03,0.15,0.45,0
1252,0.67,2.4,1.22,0.34,0.32,0
887,0.33,2.4,0.95,0.43,0.17,0
1111,0.33,2.4,0.61,0.29,0.35,0
135,0.67,4.5,0.09,0.02,0.39,1
464,0.67,3.6,1.94,0.05,0.66,1
808,0.0,4.6,0.89,0.34,0.75,0
1055,0.67,1.1,1.46,0.35,0.19,0
459,0.67,2.4,1.69,0.2,1.32,0
1543,0.0,2.8,0.2,0.35,0.89,0
176,0.67,4.2,1.13,0.13,0.7,1
355,0.67,4.1,0.13,0.28,0.68,1
528,0.0,1.1,0.81,0.29,0.15,0
87,0.33,4.0,1.66,0.15,1.49,0
490,1.0,4.4,0.68,0.37,0.26,0
1703,1.0,2.1,0.48,0.16,0.71,0
307,0.0,2.7,1.39,0.13,0.41,0
1487,0.33,5.0,1.05,0.21,0.61,0
107,0.67,3.3,0.55,0.45,0.72,0
1307,0.33,3.6,0.06,0.12,1.45,0
1253,1.0,4.3,1.35,0.04,0.58,1
536,0.0,1.8,1.42,0.51,1.29,0
425,0.0,4.7,1.48,0.37,1.37,0
1102,0.33,3.7,1.04,0.51,0.55,0
1703,1.0,5.0,0.0,0.25,0.8,0
445,0.67,4.0,0.92,0.06,0.49,1
613,0.33,5.0,0.29,0.25,1.38,0
447,0.0,2.9,0.41,0.45,0.63,0
1110,0.0,2.0,0.57,0.18,1.14,0
1448,1.0,3.3,0.87,0.58,0.93,0
380,0.67,2.6,1.51,0.13,1.46,0
721,0.33,4.9,0.48,0.33,0.93,0
1845,0.33,4.7,0.18,0.08,1.09,0
774,0.0,4.1,0.92,0.45,0.39,0
473,0.33,1.7,1.32,0.14,0.66,0
139,0.33,2.1,0.15,0.56,0.28,0
572,0.67,3.7,0.49,0.26,0.35,1
1776,1.0,1.4,0.87,0.05,0.97,0
393,1.0,2.0,0.53,0.45,1.28,0
314,1.0,1.9,0.49,0.41,1.33,0
478,0.67,2.8,1.09,0.06,1.14,0
1995,0.67,2.2,1.26,0.29,0.62,0
1589,0.33,1.8,1.33,0.16,0.31,0
593,0.0,2.0,1.09,0.14,0.52,0
1581,1.0,4.8,1.36,0.39,1.03,0
989,0.0,3.6,1.42,0.54,0.05,0
515,0.0,4.0,1.93,0.32,1.02,0
86,1.0,2.2,0.54,0.54,1.03,0
219,0.33,1.1,1.48,0.2,0.12,0
1372,0.0,3.8,1.67,0.19,1.18,0
1156,1.0,3.6,1.8,0.01,1.01,0
1532,1.0,4.9,0.53,0.23,0.21,1
356,0.33,2.7,0.8,0.4,0.48,0
1686,0.67,3.4,1.43,0.38,0.98,0
589,1.0,1.2,1.41,0.19,1.1,0
206,1.0,1.7,0.65,0.16,0.3,0
1688,0.0,3.4,1.72,0.42,1.34,0
896,0.0,1.9,0.25,0.57,1.47,0
1132,0.33,3.8,0.63,0.24,1.12,0
1255,0.33,1.4,1.91,0.45,1.35,0
263,0.67,2.2,1.09,0.51,0.7,0
988,0.0,2.2,0.52,0.53,0.86,0
1261,0.0,2.1,0.86,0.54,0.09,0
332,0.0,4.7,1.28,0.31,1.13,0
1220,1.0,3.9,1.74,0.12,0.21,1
1126,1.0,3.0,0.87,0.41,0.24,0
928,0.67,4.8,0.48,0.44,0.58,0
1884,0.67,3.5,1.59,0.26,1.39,0
1841,0.0,2.4,0.89,0.6,0.07,0
680,0.67,2.3,1.83,0.53,0.85,0
963,1.0,3.9,0.02,0.01,1.08,0
1246,0.0,3.2,1.42,0.27,0.73,0
1367,0.67,1.6,0.12,0.33,1.19,0
1820,0.0,4.8,1.56,0.54,0.26,0
1511,0.33,2.1,1.67,0.39,1.21,0
1772,0.33,2.0,1.11,0.46,0.13,0
301,1.0,2.3,2.0,0.51,0.32,0
997,0.33,1.9,0.44,0.08,1.12,0
400,0.0,1.2,0.61,0.43,0.3,0
403,1.0,1.3,1.97,0.51,0.47,0
477,0.33,1.4,1.08,0.56,0.7,0
467,0.0,4.7,1.15,0.59,0.9,0
262,0.0,1.0,0.82,0.08,0.77,0
1072,0.0,2.4,0.35,0.29,0.2,0
1324,0.67,1.5,1.82,0.5,0.36,0
1326,0.33,2.1,0.93,0.46,1.37,0
1287,0.67,3.7,1.82,0.07,1.25,0
1577,1.0,1.9,0.17,0.5,1.48,0
1923,1.0,3.7,0.95,0.55,1.22,0
1256,0.33,3.3,1.26,0.46,0.22,0
377,0.67,2.3,1.73,0.33,1.2,0
1406,0.0,2.2,1.53,0.38,0.01,0
1863,0.67,2.5,0.43,0.25,0.99,0
236,0.67,2.3,1.48,0.55,0.14,0
1397,0.33,4.2,0.23,0.11,0.93,0
94,0.67,3.1,1.78,0.03,0.77,0
863,1.0,2.5,0.71,0.56,1.19,0
402,0.0,4.9,0.28,0.12,0.33,0
486,0.67,2.4,1.97,0.36,0.22,0
785,0.67,1.7,1.99,0.32,0.17,0
140,1.0,4.5,0.96,0.32,0.28,0
1108,0.67,3.1,0.96,0.49,0.52,0
47,1.0,3.1,0.92,0.04,0.58,0
1340,1.0,4.6,0.26,0.26,0.93,0
1316,1.0,3.8,1.46,0.28,1.46,0
413,0.67,1.3,0.43,0.51,0.64,0
1556,1.0,4.4,0.79,0.52,0.75,0
144,1.0,2.0,1.46,0.14,0.42,0
1325,0.0,1.6,0.79,0.5,1.16,0
1018,0.67,3.1,1.67,0.01,0.88,0
713,0.0,4.7,0.99,0.11,0.77,0
1102,1.0,2.8,0.33,0.32,1.08,0
335,1.0,1.9,1.78,0.35,0.14,0
1930,0.67,1.6,0.14,0.09,0.22,0
840,1.0,4.2,0.02,0.56,0.79,0
1316,0.67,4.4,0.93,0.36,0.84,0
1970,0.33,4.6,1.67,0.34,0.82,0
1523,0.0,4.6,1.16,0.39,1.27,0
1302,0.67,3.0,0.16,0.27,0.6,0
991,1.0,4.5,0.23,0.12,0.01,1
1719,0.33,3.6,0.74,0.46,0.13,0
604,0.0,3.0,1.4,0.21,1.22,0
1429,0.67,2.5,0.66,0.08,1.07,0
1238,0.33,4.7,0.49,0.4,0.75,0
783,0.0,1.8,1.72,0.43,0.96,0
932,0.33,2.3,1.76,0.57,1.33,0
1402,1.0,2.9,1.72,0.29,0.11,0
569,0.0,1.0,0.01,0.6,0.71,0
1294,0.33,2.4,1.62,0.15,1.39,0
37,0.33,3.0,1.31,0.1,1.48,0
557,0.67,1.7,1.45,0.14,1.48,0
1799,0.67,2.7,1.49,0.09,1.09,0
770,0.33,3.6,0.37,0.13,1.04,0
1917,0.33,2.8,1.34,0.03,0.87,0
822,0.0,4.1,0.42,0.39,1.31,0
785,0.33,1.0,0.16,0.55,0.93,0
179,1.0,3.6,0.05,0.53,0.87,0
486,0.0,4.4,1.63,0.49,0.98,0
355,0.33,1.6,0.33,0.27,0.96,0
1328,0.33,3.4,1.67,0.53,0.11,0
356,0.33,4.0,0.04,0.58,1.05,0
1335,0.67,2.8,0.05,0.01,0.65,0
1044,0.67,1.6,1.61,0.09,0.79,0
1367,1.0,3.7,1.18,0.27,0.14,1
1950,0.0,4.1,0.24,0.04,1.05,0
397,0.0,2.3,0.43,0.27,0.16,0
143,0.67,1.6,0.99,0.25,0.98,0
1625,0.33,2.6,1.1,0.3,0.05,0
1155,0.0,3.2,1.26,0.01,0.11,0
1417,1.0,1.6,0.02,0.59,0.53,0
1693,0.33,4.8,0.93,0.03,0.2,0
1234,1.0,1.2,0.51,0.11,0.44,0
1320,1.0,4.3,1.39,0.46,0.34,0
1142,0.33,1.4,0.54,0.29,0.8,0
73,0.0,4.6,1.39,0.36,0.95,0
1750,0.67,4.0,0.32,0.32,1.03,0
801,0.33,2.0,0.62,0.24,1.4,0
1013,0.67,3.6,0.43,0.11,1.2,0
126,0.33,3.2,0.4,0.19,1.37,0
1176,1.0,4.8,1.17,0.47,0.95,0
214,1.0,1.2,0.35,0.26,1.26,0
1920,1.0,3.0,1.65,0.18,1.26,0
797,0.33,2.1,0.82,0.39,0.32,0
819,1.0,2.2,1.75,0.19,1.43,0
1493,1.0,2.9,1.92,0.42,0.16,0
1179,0.67,1.7,0.07,0.22,0.76,0
1484,0.67,4.5,0.49,0.08,0.18,1
819,1.0,1.7,0.1,0.46,0.81,0
1698,0.67,1.1,1.04,0.34,0.95,0
1919,0.33,1.9,1.27,0.1,0.2,0
700,0.0,2.7,0.42,0.08,0.68,0
1735,1.0,3.9,0.77,0.5,0.55,0
844,0.0,1.9,1.15,0.19,1.25,0
643,0.0,3.7,0.67,0.0,0.18,0
622,1.0,4.7,0.7,0.26,0.38,1
14,0.0,1.6,0.28,0.27,0.16,0
1290,0.33,2.2,1.52,0.14,0.02,0
1550,1.0,3.4,0.07,0.43,0.6,0
1128,0.33,4.6,0.49,0.05,1.2,0
637,0.0,4.4,1.6,0.48,0.29,0
348,1.0,4.2,1.03,0.04,0.77,1
1957,0.33,2.2,0.62,0.23,0.18,0
1893,0.0,1.3,1.3,0.22,0.7,0
1929,0.33,1.1,0.39,0.03,1.24,0
1673,1.0,4.3,0.11,0.05,0.22,1
1827,0.67,4.2,0.58,0.02,0.99,0
48,0.67,1.9,1.45,0.42,1.22,0
1345,0.0,2.0,1.6,0.38,0.57,0
1659,0.33,3.3,1.59,0.06,0.41,0
1857,0.67,2.7,1.25,0.4,0.22,0
40,0.0,2.6,1.36,0.55,0.01,0
376,0.67,2.5,1.85,0.51,0.73,0
1530,0.0,4.2,1.02,0.13,0.06,0
325,1.0,3.0,1.77,0.14,1.1,0
912,0.33,1.1,0.05,0.33,0.57,0
1373,0.0,1.8,1.0,0.49,0.95,0
906,0.33,3.5,1.57,0.13,0.8,0
948,0.33,4.3,0.82,0.44,0.92,0
1558,1.0,1.6,0.03,0.48,0.51,0
534,1.0,4.3,0.08,0.49,0.57,0
649,0.0,3.8,1.1,0.52,0.14,0
1073,0.67,1.3,0.42,0.21,1.21,0
1757,1.0,4.9,0.64,0.47,0.36,0
666,0.33,4.2,0.93,0.56,0.7,0
419,0.0,4.4,0.61,0.44,0.14,0
1176,0.33,1.1,1.12,0.4,0.34,0
1073,0.0,1.9,0.3,0.59,1.0,0
959,0.0,4.8,0.89,0.54,0.43,0
1286,0.33,4.8,0.47,0.53,0.84,0
681,0.33,3.7,1.54,0.0,0.38,0
148,0.67,1.3,1.02,0.27,0.41,0
224,0.67,3.0,0.35,0.21,1.21,0
93,0.67,2.0,0.18,0.53,0.38,0
951,0.67,1.1,0.85,0.3,0.07,0
463,0.67,1.0,0.5,0.17,0.47,0
1843,0.0,2.5,1.82,0.08,0.21,0
902,1.0,2.9,0.6,0.4,0.25,0
1954,0.0,4.4,0.87,0.2,1.48,0
1895,1.0,3.2,1.01,0.2,0.68,0
30,1.0,1.3,0.93,0.18,0.97,0
240,0.33,4.1,1.3,0.17,0.25,0
1466,0.33,3.0,1.68,0.24,1.07,0
249,1.0,1.8,0.37,0.27,1.38,0
1940,0.33,1.6,0.23,0.56,0.78,0
742,0.33,1.1,1.95,0.27,1.28,0
1399,0.67,2.2,0.4,0.51,0.78,0
1817,0.33,2.2,0.43,0.28,0.21,0
1574,1.0,1.1,1.43,0.4,0.1,0
79,0.33,3.2,0.44,0.27,0.98,0
966,0.33,2.0,1.65,0.52,0.94,0
244,1.0,2.1,0.65,0.21,0.59,0
319,1.0,3.0,0.09,0.15,0.77,0
132,0.0,1.7,0.71,0.54,0.01,0
311,0.67,4.3,0.39,0.25,0.34,1
1102,0.67,3.6,0.13,0.24,1.09,0
767,0.0,4.8,1.22,0.4,0.48,0
714,0.0,2.0,1.64,0.5,0.16,0
1806,0.33,2.5,1.53,0.19,0.08,0
470,0.67,3.2,0.81,0.14,0.48,0
275,0.0,1.4,0.05,0.2,1.07,0
1602,0.0,3.0,0.68,0.35,0.08,0
421,0.67,1.2,0.99,0.24,0.34,0
566,1.0,2.1,1.13,0.17,0.49,0
322,0.67,2.5,0.66,0.01,0.47,0
1415,0.67,3.9,1.07,0.59,0.51,0
1161,0.33,1.5,1.8,0.37,1.38,0
1347,0.33,2.4,0.12,0.28,0.35,0
1296,0.0,2.0,1.11,0.1,0.5,0
575,1.0,4.0,0.11,0.05,0.97,0
1077,0.33,4.0,1.64,0.1,0.02,0
699,0.0,4.6,0.6,0.42,0.71,0
1883,0.67,3.7,0.61,0.21,0.64,1
1909,0.33,3.5,1.34,0.4,0.73,0
1942,1.0,4.7,1.74,0.02,0.45,1
606,0.33,4.5,1.39,0.01,1.09,0
621,1.0,3.6,1.94,0.09,0.26,1
600,0.67,3.0,1.11,0.19,1.3,0
125,0.67,1.1,0.69,0.14,0.15,0
800,0.0,4.3,0.59,0.01,0.54,0
87,1.0,3.9,0.63,0.52,0.55,0
1721,0.0,3.7,0.69,0.15,0.76,0
1310,0.67,4.9,1.29,0.1,0.48,1
337,1.0,2.0,0.84,0.06,1.35,0
12,1.0,1.1,1.02,0.29,1.24,0
786,1.0,3.5,1.4,0.16,0.6,1
1956,0.33,4.0,1.16,0.17,0.62,0
1079,0.33,4.9,1.5,0.02,0.5,0
1178,0.33,1.9,1.82,0.4,0.8,0
187,0.33,5.0,1.25,0.12,0.93,0
373,1.0,1.1,1.48,0.08,0.62,0
1595,0.33,3.1,1.08,0.36,0.62,0
1706,1.0,3.4,0.31,0.54,0.24,0
1904,1.0,1.6,0.93,0.06,0.84,0
1778,0.67,4.8,1.17,0.3,1.45,0
272,1.0,4.5,0.04,0.58,0.15,0
709,0.33,2.8,1.55,0.11,1.33,0
777,0.33,4.1,1.01,0.15,1.05,0
1820,0.33,3.0,0.02,0.41,1.14,0
820,1.0,3.8,1.64,0.28,0.87,0
1685,0.0,1.5,1.5,0.38,0.05,0
1428,0.67,1.5,0.59,0.32,0.46,0
405,0.67,2.1,1.04,0.39,0.46,0
239,0.0,1.3,0.97,0.28,1.03,0
290,0.33,2.3,0.66,0.14,1.12,0
1524,0.33,4.9,0.97,0.1,1.18,0
1940,1.0,2.7,0.29,0.39,0.48,0
1852,0.0,2.3,0.39,0.22,0.43,0
66,0.33,3.9,1.53,0.46,0.6,0
34,0.0,3.7,0.48,0.44,0.61,0
1106,0.0,4.8,1.08,0.44,0.92,0
1262,1.0,4.3,1.2,0.44,0.73,0
446,1.0,4.7,1.84,0.38,0.39,0
452,0.0,3.6,0.65,0.2,0.24,0
142,0.67,1.1,1.88,0.31,0.73,0
51,0.33,4.7,0.81,0.4,0.51,0
1118,1.0,3.7,0.9,0.38,0.51,0
1770,0.33,3.3,1.21,0.3,1.41,0
1128,0.33,2.4,1.26,0.08,0.13,0
1575,0.0,4.6,1.22,0.39,0.57,0
520,1.0,4.4,1.09,0.35,1.39,0
1634,0.33,4.4,1.72,0.07,0.51,0
834,0.0,1.6,1.51,0.35,1.22,0
1664,1.0,1.9,0.75,0.03,1.19,0
385,1.0,1.9,0.75,0.09,1.25,0
1016,0.67,4.5,0.21,0.3,0.85,0
1676,1.0,4.1,1.1,0.48,0.42,0
122,0.33,4.6,1.4,0.54,0.2,0
1274,0.0,3.4,0.45,0.43,0.86,0
111,0.33,2.4,0.85,0.09,0.25,0
223,0.0,4.5,1.67,0.12,0.63,0
1983,0.67,1.9,0.63,0.38,0.72,0
1110,0.33,4.1,0.91,0.3,0.68,0
1402,1.0,3.0,0.19,0.34,1.26,0
322,0.67,2.5,0.76,0.58,1.44,0
1368,1.0,4.1,1.81,0.41,0.11,0
1000,0.33,3.0,0.46,0.4,0.73,0
1918,1.0,5.0,1.41,0.29,1.31,0
1670,0.0,1.9,0.04,0.3,0.6,0
207,0.67,2.4,0.96,0.25,0.1,0
547,0.0,4.4,1.09,0.32,0.49,0
1670,1.0,4.3,1.03,0.24,0.85,0
383,1.0,2.9,1.12,0.43,1.46,0
643,0.67,1.2,0.67,0.1,0.81,0
1063,0.67,1.1,1.0,0.12,0.59,0
246,0.0,1.2,0.23,0.1,0.89,0
413,0.0,4.0,0.96,0.48,0.78,0
471,0.33,4.6,0.26,0.11,0.26,0
711,0.0,4.0,1.43,0.04,0.58,0
1366,0.0,3.3,1.95,0.1,0.86,0
524,0.67,4.2,0.2,0.17,0.71,1
1798,0.0,1.7,0.56,0.13,0.14,0
1993,0.0,2.6,1.72,0.36,0.14,0
532,0.33,1.1,0.21,0.48,0.3,0
1933,0.0,3.5,0.78,0.3,0.23,0
530,0.0,3.7,1.21,0.37,0.18,0
1221,0.0,1.5,1.38,0.49,1.34,0
1008,0.0,4.5,1.39,0.17,1.11,0
229,1.0,4.6,0.42,0.52,0.62,0
84,0.67,4.6,0.85,0.51,0.59,0
502,1.0,1.9,0.96,0.45,1.26,0
1820,1.0,1.9,0.17,0.56,0.81,0
61,0.67,1.0,0.85,0.51,0.06,0
1640,0.33,2.8,0.29,0.37,0.4,0
596,0.67,4.7,0.86,0.37,0.57,0
1254,0.0,3.2,1.84,0.02,1.46,0
969,0.33,3.2,1.11,0.34,0.43,0
513,0.33,4.7,0.25,0.39,1.35,0
1476,0.67,1.4,1.56,0.39,1.31,0
510,0.67,3.7,0.49,0.15,0.33,1
271,1.0,2.4,1.38,0.55,1.15,0
1086,0.33,4.5,1.11,0.05,1.15,0
847,0.67,1.3,0.11,0.31,1.3,0
882,1.0,1.1,1.56,0.1,0.61,0
595,0.0,2.1,1.45,0.11,0.85,0
1572,0.33,4.9,1.59,0.12,0.73,0
823,0.0,1.9,0.4,0.08,1.25,0
1709,1.0,3.5,0.45,0.37,1.26,0
196,0.0,2.0,0.54,0.33,0.8,0
675,0.0,4.0,0.15,0.57,1.27,0
135,0.67,5.0,1.3,0.3,0.11,0
383,0.0,3.9,0.32,0.2,0.09,0
586,0.0,1.4,1.69,0.01,1.39,0
543,0.67,4.0,1.52,0.14,0.75,1
1600,0.33,2.5,1.27,0.2,0.79,0
919,0.33,5.0,0.27,0.59,0.79,0
580,1.0,1.0,0.15,0.43,0.37,0
870,0.67,3.2,1.87,0.38,1.34,0
765,0.67,1.7,0.29,0.48,0.29,0
1323,1.0,4.6,0.4,0.01,0.38,1
682,0.33,4.9,1.65,0.59,0.17,0
622,0.67,3.6,0.56,0.08,1.2,0
126,0.0,4.3,1.08,0.23,0.04,0
1833,0.67,4.5,1.01,0.24,0.1,1
1309,0.33,2.8,1.1,0.02,0.44,0
1296,0.67,2.5,1.75,0.3,1.41,0
867,1.0,2.9,1.15,0.52,0.28,0
1422,0.0,3.4,1.53,0.45,0.43,0
1062,0.67,4.7,1.9,0.21,1.17,0
699,0.33,2.2,0.89,0.31,1.46,0
922,0.0,1.9,0.48,0.5,0.49,0
1887,0.0,3.0,0.65,0.06,0.49,0
909,0.67,2.9,0.79,0.27,1.25,0
1849,0.33,1.2,1.55,0.55,1.03,0
607,1.0,3.1,0.96,0.12,1.23,0
1769,1.0,3.0,1.24,0.27,1.07,0
298,0.33,1.9,0.08,0.26,0.41,0
1772,0.0,2.4,1.35,0.33,0.52,0
1419,0.0,2.5,1.14,0.53,0.02,0
102,0.33,2.8,0.07,0.15,0.96,0
930,0.67,2.5,1.87,0.54,0.97,0
154,1.0,4.6,0.54,0.16,1.32,0
37,0.33,3.0,0.12,0.05,0.95,0
1253,0.0,3.3,0.62,0.42,0.23,0
1814,0.67,1.3,0.59,0.46,0.71,0
25,0.67,2.0,0.78,0.12,0.28,0
1374,0.33,1.6,1.25,0.23,1.44,0
720,0.0,1.1,0.94,0.35,0.55,0
835,1.0,1.1,0.54,0.03,0.34,0
1850,0.33,4.6,0.74,0.4,0.6,0
78,0.0,2.5,0.51,0.13,0.55,0
692,1.0,2.2,1.35,0.25,0.71,0
1324,1.0,4.3,1.93,0.16,1.1,0
238,0.33,2.2,0.1,0.28,1.47,0
392,0.67,4.5,0.31,0.15,1.16,0
251,0.67,3.1,1.2,0.11,1.36,0
807,0.0,1.7,0.67,0.2,0.7,0
1213,0.33,2.1,0.26,0.2,1.17,0
352,0.33,2.1,0.29,0.07,1.17,0
1519,0.0,4.7,1.77,0.35,1.49,0
1103,1.0,1.2,0.58,0.25,0.81,0
965,0.33,2.9,1.49,0.12,1.1,0
1195,0.67,4.6,1.89,0.17,0.97,0
1518,1.0,3.1,0.63,0.21,1.07,0
977,0.0,3.6,1.53,0.1,0.48,0
1465,0.33,1.8,1.05,0.34,0.14,0
917,0.67,2.8,0.35,0.36,0.73,0
208,0.67,1.3,0.12,0.48,0.05,0
121,0.33,4.8,1.62,0.26,1.17,0
1196,0.33,3.2,1.12,0.56,0.35,0
1019,0.0,2.8,1.01,0.54,0.64,0
373,0.33,2.5,0.27,0.03,0.51,0
916,0.33,3.1,0.09,0.54,0.87,0
900,0.33,3.2,0.88,0.24,1.14,0
723,0.33,1.9,1.32,0.55,0.89,0
1387,1.0,1.9,0.3,0.46,1.18,0
1904,0.33,2.2,1.38,0.12,0.15,0
83,0.67,4.1,1.26,0.56,1.41,0
53,0.33,2.2,1.58,0.44,0.97,0
97,1.0,1.2,0.15,0.27,0.31,0
163,1.0,4.8,0.59,0.36,1.47,0
822,0.0,4.2,1.49,0.29,0.27,0
108,1.0,2.2,0.01,0.06,1.12,0
6,0.0,1.6,1.82,0.52,0.89,0
484,0.0,1.9,1.82,0.31,0.67,0
574,0.0,4.2,1.55,0.51,0.05,0
1404,1.0,2.6,0.58,0.58,0.22,0
1499,0.0,4.7,0.24,0.56,0.76,0
280,0.0,3.2,0.5,0.41,0.94,0
1522,1.0,1.2,1.19,0.5,1.0,0
1423,0.0,2.5,1.2,0.07,0.3,0
513,1.0,4.9,0.63,0.2,1.22,0
1970,0.0,3.9,1.34,0.52,1.42,0
375,1.0,2.1,1.27,0.29,0.74,0
747,0.33,1.8,1.94,0.22,0.08,0
218,0.33,1.5,1.77,0.08,1.07,0
344,1.0,3.3,0.88,0.18,1.39,0
958,0.33,3.2,1.87,0.14,0.26,0
1326,0.0,2.9,0.04,0.17,0.79,0
809,1.0,1.4,1.08,0.52,0.65,0
1193,0.33,4.1,0.8,0.26,0.73,0
265,0.0,2.3,0.53,0.53,0.19,0
884,1.0,3.6,1.31,0.2,1.48,0
806,0.67,1.3,0.98,0.11,0.84,0
1229,0.0,3.4,0.27,0.55,0.35,0
520,1.0,1.1,1.42,0.56,0.7,0
371,1.0,2.9,0.34,0.14,1.04,0
1477,0.67,3.1,0.93,0.48,0.84,0
1081,0.0,3.6,0.33,0.04,0.89,0
669,0.0,2.7,0.97,0.2,1.46,0
970,0.33,1.2,0.19,0.55,0.64,0
528,0.33,3.6,0.53,0.46,0.1,0
1215,0.0,3.7,0.28,0.27,0.25,0
1271,0.33,3.9,1.25,0.03,0.91,0
379,0.0,2.0,0.72,0.17,1.36,0
1306,1.0,4.9,0.64,0.5,0.13,0
528,0.33,2.2,1.3,0.27,0.88,0
524,0.67,4.8,1.47,0.26,1.14,0
295,0.0,1.9,0.54,0.05,0.24,0
89,0.67,1.1,0.31,0.24,0.47,0
114,0.33,2.3,1.72,0.58,0.61,0
1993,1.0,1.1,1.09,0.34,0.4,0
490,0.67,2.7,1.07,0.46,0.28,0
235,0.33,2.2,1.53,0.36,0.24,0
798,0.33,4.2,0.49,0.52,0.85,0
1108,0.33,2.0,0.45,0.25,1.31,0
1132,0.33,4.5,1.16,0.1,0.47,0
1791,1.0,3.1,0.76,0.03,0.81,0
1047,0.33,3.6,1.35,0.57,1.26,0
37,1.0,1.6,0.22,0.38,0.15,0
371,0.33,1.9,1.73,0.3,0.76,0
1416,0.0,3.4,0.77,0.08,0.02,0
878,0.33,1.7,1.43,0.37,0.83,0
1148,0.0,4.2,1.98,0.34,0.99,0
109,0.33,2.6,1.31,0.26,0.18,0
1547,0.33,2.3,0.35,0.2,0.36,0
63,1.0,3.5,0.65,0.38,1.39,0
1026,1.0,3.8,0.66,0.5,0.29,0
1157,0.67,1.6,0.82,0.46,1.22,0
360,1.0,4.1,1.86,0.47,1.39,0
103,0.0,4.4,0.68,0.34,1.34,0
500,0.0,2.6,0.29,0.18,0.07,0
956,1.0,2.1,0.16,0.53,0.47,0
1829,0.0,3.5,0.85,0.55,0.92,0
427,0.67,4.9,1.27,0.46,1.31,0
1190,0.33,3.9,0.63,0.45,0.69,0
1030,0.33,3.4,0.99,0.37,0.97,0
1887,0.33,3.5,0.5,0.2,0.42,0
984,0.33,3.0,0.91,0.15,0.53,0
1951,0.0,1.1,1.6,0.41,1.41,0
1551,0.0,1.3,0.69,0.14,0.59,0
245,0.67,4.8,0.31,0.47,1.5,0
208,0.33,4.6,0.28,0.33,0.04,0
365,0.33,1.8,1.18,0.54,0.81,0
1583,0.67,1.4,1.53,0.51,1.37,0
860,0.67,4.8,0.98,0.18,0.04,1
419,0.0,2.2,1.57,0.48,0.42,0
332,1.0,2.7,1.16,0.43,1.2,0
238,0.67,4.4,1.91,0.06,1.18,0
1610,0.0,1.7,1.91,0.17,0.55,0
487,1.0,2.4,1.07,0.11,1.27,0
788,0.0,2.8,0.83,0.46,1.35,0
45,0.0,2.3,1.68,0.32,1.15,0
1008,1.0,3.0,0.57,0.58,0.59,0
1086,0.0,1.6,1.34,0.14,0.35,0
1094,0.33,2.1,1.28,0.12,1.34,0
1784,0.67,1.6,0.92,0.38,1.24,0
1224,0.67,3.9,0.9,0.0,0.86,0
1437,0.67,5.0,0.81,0.2,0.14,1
1877,0.0,1.6,0.01,0.32,0.74,0
1596,1.0,2.0,0.91,0.28,0.82,0
1766,0.33,2.4,0.3,0.24,0.32,0
1267,1.0,4.0,0.39,0.57,0.78,0
768,1.0,4.8,0.29,0.32,0.4,0
1130,0.0,4.6,0.29,0.38,0.97,0
1042,0.33,2.7,1.02,0.52,0.01,0
359,1.0,2.9,1.79,0.01,0.86,0
396,0.0,2.4,0.0,0.6,0.44,0
1546,1.0,2.4,1.23,0.43,0.99,0
907,0.0,3.4,0.23,0.57,0.96,0
70,1.0,1.7,1.04,0.17,1.48,0
681,0.67,1.3,0.51,0.32,0.05,0
401,0.33,1.6,1.6,0.5,1.17,0
781,0.0,4.9,0.33,0.06,1.17,0
1212,1.0,1.5,1.06,0.08,0.87,0
867,0.33,1.4,1.4,0.29,0.31,0
875,0.0,1.4,1.52,0.22,0.46,0
678,0.33,3.7,0.08,0.55,0.7,0
1613,0.0,3.9,0.29,0.25,0.99,0
1081,0.0,1.6,1.83,0.04,0.14,0
1457,0.33,1.9,1.21,0.08,0.81,0
521,0.0,4.5,0.25,0.57,1.04,0
1770,0.67,2.7,0.42,0.05,0.61,0
303,0.0,1.3,0.84,0.55,1.09,0
47,1.0,3.5,0.54,0.34,1.17,0
830,0.33,3.9,0.13,0.37,0.68,0
1264,1.0,3.6,1.31,0.4,0.99,0
310,0.33,4.7,1.71,0.22,1.48,0
141,1.0,4.2,0.28,0.42,0.1,0
1154,0.67,4.9,0.45,0.58,0.94,0
73,1.0,2.4,1.6,0.08,0.21,0
1077,1.0,3.7,1.95,0.6,1.08,0
885,1.0,2.3,1.12,0.4,0.7,0
826,0.33,1.5,0.23,0.57,0.57,0
1140,0.67,2.0,0.43,0.43,1.02,0
591,0.0,2.3,1.86,0.11,0.09,0
431,1.0,1.4,0.43,0.36,0.86,0
1428,1.0,3.3,1.87,0.39,0.16,0
136,1.0,1.5,0.33,0.08,0.01,0
938,0.67,1.5,1.42,0.44,0.94,0
1053,0.0,1.4,0.3,0.38,0.21,0
1206,1.0,2.1,0.15,0.06,1.37,0
731,1.0,3.6,0.63,0.33,0.86,0
1014,1.0,2.0,1.39,0.4,0.16,0
1999,0.67,2.9,1.35,0.6,1.2,0
706,0.0,1.5,1.67,0.58,0.64,0
631,1.0,1.3,1.82,0.22,0.92,0
1380,0.0,1.9,0.01,0.17,0.25,0
1159,1.0,1.2,0.79,0.19,0.97,0
726,0.33,3.2,0.13,0.46,0.15,0
1427,1.0,4.9,0.5,0.16,0.56,1
791,0.67,4.8,0.27,0.18,1.17,0
748,1.0,2.9,1.35,0.4,1.33,0
1215,0.33,3.1,0.73,0.35,1.38,0
65,1.0,4.3,1.82,0.06,0.76,1
318,0.0,4.6,0.58,0.54,1.21,0
1333,0.67,4.3,1.67,0.38,0.88,0
902,0.67,2.5,0.81,0.33,1.4,0
1217,0.67,1.2,0.82,0.03,0.07,0
1265,1.0,1.0,0.36,0.1,1.17,0
415,0.0,2.0,0.85,0.04,1.18,0
1031,0.67,3.3,0.64,0.29,1.23,0
402,0.67,4.4,0.6,0.58,0.66,0
762,1.0,4.5,1.01,0.54,0.78,0
1594,0.0,2.3,0.93,0.57,0.52,0
339,1.0,4.7,0.42,0.13,0.34,1
945,0.33,1.3,1.73,0.54,1.42,0
1690,0.33,3.8,1.12,0.27,0.75,0
1902,0.33,2.0,1.54,0.3,0.59,0
1962,0.0,1.8,1.98,0.27,0.3,0
437,1.0,2.0,1.18,0.1,0.45,0
245,0.0,1.1,0.14,0.36,0.5,0
22,1.0,1.9,1.66,0.17,1.38,0
142,0.33,2.1,1.69,0.38,0.58,0
1273,1.0,1.0,1.19,0.57,0.32,0
951,0.0,4.0,0.82,0.09,1.18,0
511,0.67,4.6,0.08,0.51,0.77,0
500,0.33,3.7,1.66,0.04,0.55,0
197,0.67,3.2,1.37,0.51,0.69,0
1096,0.33,1.5,1.08,0.18,1.02,0
982,1.0,1.8,0.75,0.08,0.49,0
1598,0.67,1.5,0.52,0.06,1.28,0
1068,1.0,3.4,1.54,0.34,1.21,0
1602,1.0,4.5,0.53,0.6,0.89,0
140,0.33,2.3,1.81,0.19,0.54,0
1418,0.0,3.3,0.12,0.39,0.9,0
335,1.0,1.3,1.26,0.34,0.4,0
61,0.67,1.1,1.49,0.57,0.41,0
279,0.0,2.0,0.57,0.01,0.04,0
1587,1.0,4.5,1.56,0.15,0.48,1
1553,0.0,4.8,1.17,0.31,0.98,0
1343,1.0,1.5,1.25,0.01,0.59,0
65,0.0,4.2,1.75,0.46,0.3,0
1439,0.33,1.5,0.41,0.37,0.77,0
549,0.33,4.7,1.38,0.6,1.04,0
1187,0.0,3.2,0.67,0.35,0.17,0
1050,0.67,3.4,0.92,0.17,1.35,0
881,0.0,2.8,1.42,0.06,0.43,0
1269,1.0,1.6,1.26,0.52,0.68,0
1606,1.0,2.4,0.88,0.07,0.14,0
985,0.67,2.6,0.52,0.57,1.03,0
1899,0.0,2.2,1.73,0.35,0.13,0
1634,1.0,3.0,0.76,0.5,0.55,0
281,1.0,1.8,0.37,0.43,0.02,0
106,0.0,2.6,0.82,0.42,0.83,0
1862,0.0,2.6,0.04,0.3,1.0,0
169,1.0,2.1,2.0,0.5,1.23,0
1143,0.0,2.9,0.69,0.38,1.26,0
167,0.33,2.1,1.01,0.36,0.32,0
846,0.0,3.0,0.06,0.42,0.12,0
543,0.0,3.5,0.92,0.47,1.02,0
246,0.67,2.5,1.1,0.38,1.44,0
807,0.67,2.6,1.19,0.44,1.2,0
409,1.0,2.0,1.54,0.19,1.2,0
77,1.0,3.8,0.52,0.25,0.73,1
1598,0.0,4.8,1.98,0.53,0.65,0
80,1.0,2.0,1.3,0.07,0.95,0
1031,0.67,1.9,0.9,0.41,0.73,0
269,0.67,4.6,0.88,0.16,0.59,1
321,1.0,2.4,1.26,0.23,0.04,0
1369,0.67,2.6,1.57,0.42,1.34,0
388,1.0,1.3,0.24,0.11,0.4,0
1839,0.67,4.4,1.74,0.38,0.9,0
1011,1.0,4.0,0.12,0.03,0.21,1
644,0.0,1.9,1.57,0.07,1.08,0
1376,0.33,3.6,0.04,0.29,0.36,0
1911,0.67,3.2,0.65,0.07,0.76,0
1655,0.33,1.3,1.45,0.55,0.77,0
1915,0.67,1.3,0.68,0.56,0.67,0
407,0.67,4.4,0.66,0.33,0.9,0
73,0.33,3.4,1.94,0.54,0.02,0
1117,1.0,3.9,0.86,0.39,0.49,0
772,0.67,1.6,1.16,0.2,1.42,0
1667,0.33,4.2,0.29,0.4,1.3,0
1219,0.0,4.1,1.38,0.22,1.05,0
374,0.0,4.4,1.45,0.46,1.3,0
1387,0.67,2.8,0.86,0.47,1.42,0
1965,1.0,4.6,0.52,0.13,0.62,1
672,0.67,2.8,0.1,0.2,0.06,0
1589,1.0,3.3,0.98,0.23,0.94,0
122,0.67,1.5,1.97,0.39,0.15,0
1815,1.0,1.9,1.39,0.53,0.47,0
783,0.67,3.1,1.49,0.27,0.65,0
316,1.0,1.1,0.74,0.38,1.27,0
1960,1.0,1.6,1.99,0.06,1.03,0
468,0.0,3.5,1.4,0.22,1.22,0
321,0.0,4.4,1.94,0.18,0.62,0
1425,0.0,3.9,1.37,0.22,0.2,0
128,0.67,3.4,1.37,0.47,1.23,0
349,0.33,1.4,0.32,0.47,0.67,0
1211,1.0,2.7,0.21,0.49,0.72,0
1540,0.33,4.6,0.05,0.48,1.25,0
365,1.0,1.9,0.83,0.17,1.27,0
685,0.67,3.4,1.3,0.1,0.98,0
1869,0.0,3.5,0.78,0.57,0.7,0
478,0.67,4.9,1.0,0.35,0.62,0
816,0.0,3.0,0.05,0.11,1.19,0
558,0.0,1.4,1.64,0.29,0.12,0
1612,0.33,1.5,0.16,0.48,0.17,0
591,1.0,2.2,0.29,0.23,0.46,0
1746,0.33,4.4,0.41,0.52,0.6,0
1960,1.0,2.4,1.22,0.0,1.04,0
191,0.67,3.1,0.72,0.55,1.42,0
1646,0.67,3.7,0.36,0.16,1.18,0
1442,1.0,4.6,1.87,0.51,1.2,0
1513,0.33,2.2,0.93,0.21,1.04,0
1723,0.0,4.6,1.84,0.58,1.5,0
1559,0.0,1.5,1.5,0.36,0.82,0
876,0.67,2.9,0.32,0.38,0.23,0
598,1.0,3.4,1.79,0.54,1.13,0
859,1.0,2.0,0.92,0.52,0.38,0
1137,1.0,2.7,0.13,0.54,1.18,0
38,1.0,1.7,1.27,0.29,1.28,0
1849,0.67,2.3,1.89,0.09,0.94,0
1916,0.67,1.7,1.06,0.35,1.43,0
1818,0.0,1.2,0.8,0.29,1.44,0
1657,0.67,3.6,1.83,0.36,0.06,0
804,0.67,2.4,0.51,0.19,0.21,0
1223,0.0,2.6,1.32,0.5,0.28,0
339,1.0,1.9,0.59,0.45,0.42,0
1279,0.33,3.3,0.23,0.32,1.27,0
1288,0.33,1.4,1.97,0.04,1.5,0
177,0.0,2.1,0.25,0.23,1.35,0
1807,0.33,3.5,1.06,0.57,0.09,0
293,0.67,2.5,0.44,0.15,0.57,0
117,0.67,1.8,1.91,0.32,0.36,0
193,0.67,4.3,0.21,0.5,1.09,0
787,0.0,2.6,0.6,0.01,1.29,0
167,1.0,3.4,0.11,0.4,1.0,0
1761,1.0,2.2,1.77,0.26,0.01,0
1910,1.0,4.6,1.99,0.09,0.75,1
551,0.67,1.5,1.42,0.15,0.24,0
1077,1.0,1.9,0.58,0.49,0.24,0
314,0.33,1.6,1.04,0.09,0.74,0
136,0.33,3.8,0.19,0.29,0.92,0
872,0.33,2.4,0.53,0.59,0.67,0
816,0.33,3.3,1.14,0.12,0.0,0
1255,1.0,3.4,1.77,0.5,1.03,0
1547,0.33,3.7,1.56,0.3,0.92,0
1071,0.0,2.1,1.91,0.26,0.18,0
1813,0.67,2.0,0.77,0.22,0.09,0
1125,0.0,4.0,1.19,0.44,0.47,0
720,1.0,2.0,0.11,0.17,1.47,0
978,0.33,3.9,0.97,0.39,1.1,0
1181,0.0,1.6,1.04,0.38,1.27,0
888,0.0,5.0,1.61,0.01,1.21,0
288,1.0,1.7,1.04,0.45,0.76,0
917,0.0,4.3,1.5,0.41,0.51,0
688,1.0,2.9,1.48,0.06,1.06,0
1129,0.33,4.7,0.7,0.34,1.29,0
1656,0.33,3.0,0.19,0.02,1.35,0
1514,1.0,1.0,1.1,0.49,0.1,0
507,1.0,2.4,0.81,0.21,0.29,0
50,0.33,1.7,1.9,0.17,1.44,0
1242,1.0,3.4,1.19,0.56,0.78,0
1112,0.33,3.8,0.79,0.11,0.96,0
233,0.0,4.1,1.74,0.07,1.14,0
1828,0.33,4.8,0.69,0.03,1.4,0
1683,0.0,4.9,0.65,0.32,1.02,0
622,0.67,1.8,1.61,0.09,0.4,0
746,0.33,4.0,1.54,0.5,1.28,0
1406,1.0,4.8,0.53,0.09,1.26,0
414,1.0,2.1,0.86,0.5,0.69,0
420,0.33,3.8,0.13,0.4,0.25,0
1120,1.0,2.2,0.09,0.12,0.23,0
299,0.67,2.4,1.17,0.21,1.26,0
1691,0.67,4.8,1.3,0.29,1.14,0
1649,0.33,4.5,0.27,0.32,0.39,0
848,0.33,2.3,0.02,0.11,0.18,0
1910,0.33,3.2,1.15,0.39,1.43,0
1049,0.67,2.2,1.81,0.59,0.76,0
1365,0.67,1.1,0.73,0.19,0.41,0
705,0.33,2.7,1.57,0.29,0.87,0
1229,0.33,4.8,1.84,0.02,0.89,0
236,0.33,1.7,0.85,0.45,0.18,0
1960,1.0,3.6,0.99,0.45,0.64,0
701,0.67,3.6,0.97,0.55,0.81,0
841,1.0,3.3,0.71,0.55,0.58,0
136,0.0,4.6,0.24,0.53,1.36,0
27,0.33,1.3,0.72,0.24,0.69,0
1214,0.0,2.3,1.27,0.44,0.18,0
807,0.33,4.1,1.58,0.59,1.26,0
692,1.0,4.8,1.69,0.08,0.64,1
1084,0.0,3.9,0.02,0.22,0.27,0
665,0.0,2.8,1.21,0.52,1.44,0
1613,0.67,2.1,0.05,0.15,1.37,0
876,0.33,1.7,0.61,0.59,0.3,0
1030,0.67,2.8,0.98,0.28,0.57,0
830,0.0,2.2,0.15,0.12,0.89,0
236,0.0,2.0,0.44,0.31,1.39,0
103,0.0,4.7,1.18,0.26,0.4,0
464,0.33,3.6,1.85,0.29,0.5,0
1681,0.33,2.7,1.23,0.3,0.5,0
209,0.0,1.1,0.0,0.09,0.74,0
96,0.33,3.6,0.63,0.07,1.48,0
1177,0.0,1.6,1.4,0.06,0.02,0
777,0.0,1.8,1.71,0.58,0.22,0
309,0.33,2.2,1.74,0.17,0.02,0
957,1.0,3.6,1.57,0.45,0.92,0
1274,0.33,1.7,0.16,0.07,1.29,0
152,0.0,4.1,1.56,0.11,0.73,0
836,0.33,1.1,0.11,0.24,0.93,0
933,0.0,2.9,1.45,0.35,0.86,0
1868,0.67,4.5,0.03,0.5,0.42,0
1238,1.0,1.5,1.39,0.4,0.5,0
304,0.0,3.3,0.76,0.38,0.64,0
351,0.0,2.7,0.78,0.03,0.49,0
783,0.33,4.5,1.08,0.51,0.81,0
270,0.67,2.2,0.52,0.22,1.12,0
977,0.33,2.6,0.14,0.0,0.24,0
1822,0.33,4.0,0.26,0.53,0.06,0
1219,0.0,1.7,0.11,0.57,1.19,0
565,0.33,3.4,1.35,0.08,0.31,0
418,0.33,1.1,0.38,0.16,1.33,0
1339,1.0,4.3,1.1,0.34,0.84,0
1733,1.0,4.4,0.88,0.15,0.88,0
1923,1.0,1.6,1.4,0.29,0.68,0
657,0.33,2.4,1.75,0.02,0.66,0
1669,0.33,4.1,0.18,0.21,0.61,0
952,0.0,1.0,1.47,0.56,0.63,0
314,0.67,4.3,0.71,0.05,0.1,1
128,0.0,3.3,0.64,0.25,0.9,0
942,0.0,2.0,0.15,0.54,0.26,0
584,0.67,4.5,1.76,0.17,0.77,1
38,0.0,2.6,1.36,0.23,1.25,0
357,1.0,4.5,0.06,0.36,1.37,0
953,0.33,1.7,1.34,0.49,0.44,0
1222,1.0,2.1,1.07,0.3,0.13,0
1263,0.33,2.1,0.41,0.17,0.83,0
808,1.0,2.7,1.22,0.08,0.47,0
1233,0.33,3.8,1.23,0.22,0.71,0
1569,0.67,1.6,0.35,0.35,0.31,0
944,1.0,4.8,0.96,0.33,0.8,0
1465,0.67,2.1,0.39,0.59,1.18,0
1562,0.0,2.0,1.66,0.3,0.31,0
1955,0.33,1.1,0.34,0.05,0.38,0
1424,0.67,2.8,1.56,0.32,0.87,0
433,1.0,4.9,0.04,0.36,1.31,0
299,0.0,1.4,1.13,0.32,0.97,0
1179,0.0,2.4,1.48,0.25,0.72,0
1326,0.33,3.8,0.69,0.41,0.52,0
1664,0.33,2.7,0.09,0.23,0.11,0
573,1.0,1.5,1.91,0.02,1.37,0
415,0.67,2.7,0.79,0.46,1.0,0
1185,1.0,1.8,0.72,0.44,0.31,0
1905,0.33,2.4,0.39,0.22,1.21,0
1521,0.33,2.3,0.2,0.31,0.39,0
966,1.0,4.2,1.06,0.39,1.36,0
1042,0.67,3.9,0.81,0.1,0.66,1
416,0.33,2.7,1.3,0.07,0.52,0
1662,0.0,2.7,1.11,0.04,0.27,0
1736,0.67,2.2,1.63,0.5,0.53,0
618,0.67,4.3,1.47,0.26,1.49,0
1400,0.67,2.3,1.03,0.2,1.14,0
896,0.0,1.1,1.08,0.15,0.15,0
1189,1.0,4.9,1.7,0.53,1.07,0
1015,1.0,3.6,1.89,0.36,0.98,0
840,0.67,4.0,1.87,0.18,0.18,1
194,1.0,2.9,1.52,0.22,0.87,0
147,0.67,4.9,1.51,0.58,0.25,0
1594,1.0,1.0,0.25,0.3,1.35,0
1359,0.0,1.0,0.61,0.44,0.38,0
1353,0.67,2.5,1.32,0.34,1.05,0
1282,0.67,4.2,0.79,0.06,0.08,1
603,0.33,3.0,0.86,0.07,0.55,0
778,0.33,1.0,0.31,0.11,0.18,0
963,0.67,4.3,0.54,0.01,1.28,0
987,0.0,3.2,0.09,0.28,0.1,0
673,1.0,1.4,1.3,0.6,1.35,0
1857,1.0,3.6,0.13,0.43,0.51,0
200,0.67,4.0,1.01,0.26,0.39,1
1289,0.33,1.2,0.42,0.12,0.67,0
899,0.33,1.2,1.17,0.27,0.2,0
889,0.67,4.7,0.98,0.07,0.69,1
730,0.33,3.9,1.14,0.44,0.41,0
449,0.67,3.2,0.35,0.48,0.07,0
1260,0.67,1.8,0.87,0.36,0.6,0
314,1.0,2.1,1.84,0.31,0.66,0
1922,0.0,1.8,1.91,0.0,0.26,0
1481,0.0,3.0,2.0,0.46,0.04,0
1365,1.0,1.2,0.72,0.18,0.18,0
280,1.0,1.7,1.76,0.53,0.18,0
149,0.67,3.9,1.63,0.16,0.15,1
345,0.33,2.3,1.44,0.46,0.73,0
879,0.33,4.1,0.56,0.55,0.26,0
69,1.0,1.2,0.79,0.56,0.49,0
392,0.33,1.9,0.2,0.4,0.3,0
298,0.33,2.3,1.81,0.17,0.16,0
1996,0.33,2.0,0.04,0.3,0.89,0
1459,1.0,3.8,1.68,0.24,0.14,1
1912,0.0,1.1,1.02,0.33,0.81,0
62,1.0,4.4,1.03,0.41,0.55,0
916,0.67,3.0,0.84,0.44,0.54,0
207,0.33,3.4,0.27,0.51,0.73,0
408,0.0,4.4,0.22,0.19,1.36,0
350,0.67,4.0,1.84,0.43,0.48,0
51,1.0,2.9,0.56,0.39,1.49,0
288,1.0,3.1,1.02,0.58,1.21,0
857,0.0,1.9,1.43,0.02,0.46,0
952,0.67,3.4,1.68,0.09,0.64,0
554,0.67,4.7,1.24,0.32,0.84,0
1883,0.67,3.8,0.59,0.31,0.96,0
1443,0.0,4.6,0.43,0.05,0.48,0
430,0.33,1.2,1.26,0.2,0.91,0
223,0.0,1.2,1.97,0.33,0.84,0
1950,0.33,5.0,1.14,0.21,0.77,0
288,0.0,3.6,1.97,0.53,0.23,0
1058,0.0,2.1,1.39,0.24,0.66,0
1694,0.33,1.9,0.53,0.19,1.48,0
1016,0.0,4.4,0.7,0.09,1.4,0
291,0.0,1.9,1.66,0.36,1.2,0
734,0.67,4.9,0.11,0.05,1.01,0
194,0.33,4.1,1.04,0.51,1.32,0
1642,1.0,4.5,0.34,0.5,0.04,0
970,0.0,3.0,1.83,0.03,0.97,0
1970,0.67,1.3,1.05,0.11,0.98,0
45,0.67,4.7,0.67,0.03,0.23,1
1667,0.33,3.7,1.32,0.28,0.85,0
816,0.0,3.6,1.43,0.02,1.44,0
556,0.33,2.4,0.45,0.41,0.04,0
707,0.33,4.9,0.5,0.24,0.23,0
1888,0.0,1.8,0.49,0.33,1.14,0
80,0.0,3.5,1.53,0.42,1.32,0
1823,0.67,3.9,1.47,0.19,1.18,0
1755,1.0,2.6,1.96,0.15,0.24,0
1513,1.0,1.1,0.46,0.34,0.92,0
481,0.67,2.8,1.53,0.52,0.26,0
527,0.33,1.9,1.43,0.48,0.73,0
1679,0.0,4.8,0.73,0.06,0.11,0
86,1.0,1.6,1.17,0.48,1.41,0
81,0.67,3.6,1.25,0.27,0.31,1
300,1.0,1.5,1.12,0.16,0.29,0
1625,0.67,3.8,1.85,0.5,1.44,0
741,1.0,1.6,1.69,0.27,0.36,0
484,1.0,1.5,1.86,0.28,1.34,0
1548,0.33,2.6,1.2,0.23,1.09,0
1186,1.0,4.1,1.46,0.49,0.94,0
1692,0.0,2.6,1.62,0.29,1.46,0
56,0.67,2.1,1.08,0.56,0.64,0
1705,0.0,2.6,0.14,0.05,0.36,0
273,1.0,4.7,0.23,0.56,0.21,0
1362,0.67,4.4,0.82,0.1,1.2,0
491,0.33,3.7,1.33,0.37,0.99,0
316,0.0,4.7,0.54,0.27,1.01,0
1037,0.0,1.2,1.02,0.06,0.13,0
1004,0.67,1.0,1.82,0.36,0.29,0
841,0.67,3.4,1.67,0.43,0.21,0
927,1.0,2.0,1.36,0.22,0.87,0
1061,0.33,1.5,0.41,0.07,0.71,0
243,1.0,2.0,1.85,0.48,1.34,0
498,0.0,2.2,1.83,0.46,1.27,0
1528,1.0,1.9,0.68,0.16,1.47,0
256,0.0,2.7,1.93,0.53,0.95,0
1730,0.67,3.5,1.73,0.48,1.1,0
573,0.0,4.9,1.91,0.49,0.09,0
465,0.67,4.1,1.65,0.12,0.48,1
732,0.33,3.9,0.65,0.28,0.6,0
1567,0.0,4.7,1.05,0.43,0.52,0
938,1.0,1.2,1.32,0.29,1.0,0
1932,0.67,3.4,1.37,0.43,1.1,0
265,0.67,2.0,0.31,0.1,0.81,0
477,1.0,2.6,0.08,0.27,1.39,0
1451,0.67,1.0,1.11,0.55,0.08,0
1952,0.33,2.6,0.35,0.03,0.42,0
72,0.67,2.3,0.88,0.13,0.2,0
986,0.0,4.3,1.88,0.12,1.15,0
203,0.33,3.4,0.91,0.29,1.29,0
517,0.67,3.2,0.7,0.6,0.06,0
1370,0.0,2.6,0.28,0.59,0.48,0
261,0.33,2.3,1.55,0.55,0.88,0
868,1.0,1.7,0.63,0.1,1.28,0
1567,0.0,3.3,0.34,0.33,1.42,0
27,0.33,4.2,1.81,0.24,1.37,0
1772,0.0,3.6,1.51,0.15,0.19,0
1817,0.0,2.7,0.01,0.05,1.33,0
1639,0.67,2.4,0.42,0.19,0.22,0
540,0.0,4.9,0.09,0.46,1.16,0
388,0.67,1.8,0.96,0.23,1.03,0
73,0.33,3.3,1.98,0.3,0.16,0
906,1.0,2.8,0.29,0.2,0.14,0
1530,0.67,2.8,0.53,0.24,0.96,0
1379,0.67,1.4,1.72,0.17,0.02,0
547,0.0,2.5,1.74,0.27,1.1,0
1022,0.33,2.3,0.1,0.2,1.35,0
1942,0.67,3.3,1.2,0.3,0.03,0
680,0.33,3.0,0.77,0.54,0.88,0
56,1.0,1.3,1.0,0.59,0.54,0
905,0.0,1.5,0.97,0.53,0.35,0
1892,1.0,3.4,1.66,0.03,0.02,0
1974,0.0,3.8,1.61,0.58,0.17,0
1943,0.33,2.1,1.58,0.3,0.02,0
393,1.0,2.4,0.42,0.0,0.38,0
893,0.67,3.2,0.39,0.49,1.02,0
90,0.33,1.9,1.48,0.22,0.67,0
1321,0.67,3.2,1.7,0.05,1.2,0
1698,0.33,5.0,1.91,0.43,1.46,0
1500,1.0,3.2,1.73,0.11,1.12,0
1627,1.0,2.3,1.23,0.47,0.57,0
1339,1.0,1.6,1.88,0.55,0.89,0
605,0.0,2.5,0.26,0.04,0.05,0
1933,0.33,4.5,0.86,0.1,0.45,0
1470,1.0,3.7,1.1,0.06,0.79,1
412,0.33,4.9,1.04,0.39,0.7,0
1118,0.67,2.2,0.99,0.51,1.19,0
271,1.0,1.0,1.16,0.07,1.37,0
1557,0.67,3.3,0.09,0.32,0.09,0
1916,1.0,1.1,0.51,0.08,1.12,0
1420,0.0,2.8,0.53,0.29,0.41,0
0,0.33,2.7,0.25,0.03,1.41,0
1498,0.33,1.5,1.17,0.12,0.3,0
1356,1.0,2.0,0.23,0.24,1.29,0
1324,0.67,4.2,0.2,0.37,0.06,0
657,0.0,3.9,1.86,0.15,0.6,0
1222,0.0,2.5,1.93,0.01,1.11,0
1483,1.0,1.1,1.54,0.49,0.49,0
1288,0.67,1.3,0.49,0.01,1.05,0
76,0.0,4.1,1.9,0.59,0.39,0
93,0.33,4.0,0.87,0.55,0.22,0
698,0.0,4.5,0.01,0.36,0.29,0
1163,0.67,3.5,1.15,0.3,0.06,0
845,0.0,3.2,1.56,0.48,0.21,0
339,0.67,1.7,1.89,0.19,0.02,0
1357,0.0,4.7,1.11,0.28,1.05,0
1522,0.67,2.4,0.58,0.22,1.0,0
1312,1.0,3.5,1.87,0.29,1.34,0
1129,0.33,4.1,1.37,0.28,0.43,0
1673,0.33,1.0,0.5,0.55,1.2,0
1605,0.0,2.4,0.41,0.32,0.73,0
1345,0.33,1.0,1.81,0.49,0.53,0
470,1.0,3.7,1.06,0.2,0.07,1
1345,0.33,2.0,1.53,0.31,1.43,0
434,0.33,2.7,0.9,0.34,1.13,0
95,0.67,3.9,0.4,0.51,0.54,0
1437,0.33,1.8,1.88,0.09,0.87,0
1690,0.33,4.7,1.19,0.29,1.25,0
1824,0.0,3.7,1.54,0.23,0.31,0
1812,1.0,2.0,0.4,0.03,1.34,0
1298,0.33,1.9,1.1,0.1,0.93,0
287,0.67,4.6,1.29,0.31,0.92,0
112,1.0,1.4,1.79,0.34,0.63,0
278,0.0,1.8,1.14,0.55,1.1,0
856,1.0,3.8,0.61,0.09,1.21,0
1934,0.67,1.4,1.43,0.02,1.12,0
222,0.33,2.2,1.45,0.36,0.19,0
963,0.33,4.0,0.66,0.53,0.56,0
843,0.33,4.1,0.21,0.55,1.13,0
429,0.0,3.5,0.58,0.0,1.05,0
532,0.33,2.1,1.83,0.26,0.17,0
1759,0.0,1.6,0.37,0.11,1.48,0
1880,0.33,2.6,0.46,0.45,0.14,0
1267,0.67,2.4,1.23,0.28,0.86,0
1766,1.0,2.3,0.45,0.45,1.14,0
788,1.0,2.4,1.02,0.28,0.85,0
408,0.67,2.5,0.18,0.3,1.33,0
1136,0.0,1.8,0.89,0.19,0.05,0
904,0.33,2.3,0.11,0.02,1.1,0
1818,1.0,2.0,0.89,0.41,0.25,0
769,1.0,3.7,1.96,0.15,1.47,0
326,0.67,1.1,1.66,0.51,0.95,0
1722,1.0,3.4,2.0,0.57,1.13,0
1876,0.33,4.1,0.18,0.19,0.42,0
1827,0.0,4.2,1.33,0.2,1.48,0
970,0.33,3.4,0.81,0.51,0.83,0
481,1.0,3.3,1.23,0.35,0.9,0
1843,1.0,4.3,1.01,0.55,1.25,0
1047,1.0,3.8,1.16,0.36,0.18,0
1815,0.33,1.1,0.65,0.54,0.08,0
1785,1.0,3.1,0.04,0.33,1.37,0
1001,1.0,3.8,0.95,0.46,1.13,0
1827,0.0,3.4,1.35,0.26,0.43,0
720,0.67,4.8,0.33,0.5,1.13,0
666,0.33,1.2,1.92,0.16,0.59,0
724,0.67,4.4,1.89,0.46,0.83,0
861,0.0,3.2,1.43,0.53,0.99,0
838,1.0,3.7,1.54,0.29,0.76,1
168,0.67,2.5,1.53,0.02,0.29,0
961,0.67,3.8,0.41,0.01,0.97,0
888,0.67,1.8,1.07,0.38,1.3,0
1257,0.67,3.4,1.18,0.53,0.11,0
443,0.33,2.8,0.0,0.53,0.68,0
1852,0.67,2.4,1.76,0.21,0.93,0
240,0.33,3.6,1.86,0.36,0.71,0
941,1.0,3.5,1.08,0.09,0.72,1
377,0.67,1.7,0.54,0.31,0.8,0
1199,0.67,2.4,1.2,0.09,0.32,0
1128,1.0,3.9,0.01,0.45,0.73,0
42,0.67,2.1,1.25,0.15,0.65,0
1458,0.67,2.0,0.37,0.13,1.19,0
1686,0.0,2.9,0.46,0.19,1.0,0
1358,1.0,4.2,0.79,0.28,0.95,0
1480,0.67,4.5,0.07,0.23,0.6,1
1079,0.0,2.8,1.38,0.42,1.32,0
1274,1.0,3.1,1.8,0.46,0.78,0
1351,0.0,4.0,1.38,0.06,0.33,0
1492,0.67,2.1,0.45,0.58,0.54,0
776,1.0,2.2,0.38,0.29,0.77,0
784,1.0,1.9,0.07,0.04,0.98,0
1409,0.0,1.2,0.64,0.56,0.0,0
1606,0.0,2.3,0.17,0.01,0.08,0
1603,1.0,4.4,1.33,0.04,0.16,1
1141,0.67,3.3,0.29,0.46,1.06,0
1114,0.33,1.8,0.74,0.04,0.98,0
89,1.0,2.3,0.03,0.09,1.11,0
1354,0.0,2.3,0.83,0.45,0.07,0
1133,1.0,1.6,1.2,0.41,1.37,0
421,0.0,1.5,0.42,0.19,0.87,0
1615,0.67,4.9,0.38,0.5,0.98,0
217,0.67,4.4,0.88,0.42,1.02,0
1332,0.33,4.1,0.19,0.27,0.67,0
999,0.0,1.3,0.38,0.39,0.45,0
948,0.0,1.4,0.58,0.34,0.5,0
734,1.0,3.1,0.95,0.56,0.8,0
359,0.0,3.9,0.96,0.48,0.16,0
465,0.33,3.7,0.74,0.17,1.42,0
981,0.33,4.5,0.83,0.25,1.0,0
1477,1.0,3.7,1.47,0.02,0.4,1
879,0.33,2.6,1.66,0.17,0.29,0
1333,0.0,4.8,1.88,0.33,1.36,0
1829,1.0,1.6,0.1,0.03,1.37,0
967,0.67,2.2,0.79,0.46,1.36,0
1340,0.67,4.2,1.41,0.41,1.36,0
448,0.0,4.1,1.25,0.29,0.32,0
1490,0.33,3.6,0.98,0.54,1.11,0
1550,0.67,1.8,1.52,0.19,1.22,0
1110,0.67,3.9,1.71,0.54,0.61,0
1961,0.67,4.7,0.49,0.6,0.03,0
1716,1.0,2.6,1.5,0.59,0.19,0
1666,1.0,1.3,0.27,0.47,0.76,0
284,0.67,2.7,1.87,0.05,0.78,0
94,0.33,2.9,1.55,0.25,0.7,0
1838,0.67,1.8,0.79,0.37,0.19,0
1038,0.0,2.2,1.69,0.03,0.97,0
214,0.0,2.9,0.77,0.47,0.92,0
1657,0.67,4.6,1.21,0.35,0.52,0
786,0.33,3.7,1.96,0.17,0.57,0
419,1.0,3.9,0.74,0.18,1.08,0
46,0.33,3.5,1.58,0.48,0.37,0
293,0.33,4.2,1.54,0.11,1.45,0
785,0.0,1.4,1.32,0.4,1.27,0
1260,1.0,2.0,0.01,0.43,1.42,0
1136,1.0,4.3,0.27,0.23,1.08,0
9,0.0,4.3,0.29,0.33,1.28,0
1039,0.67,4.5,0.39,0.02,1.37,0
63,0.33,3.7,1.14,0.14,0.79,0
1354,0.67,4.6,1.79,0.05,1.09,0
418,0.33,2.9,0.78,0.14,1.32,0
1433,0.0,2.4,1.51,0.3,1.12,0
1292,0.67,3.7,0.49,0.49,1.25,0
369,0.0,4.2,1.36,0.08,1.27,0
1122,0.33,2.4,0.67,0.3,1.41,0
460,0.33,4.6,0.27,0.08,1.49,0
1654,0.0,1.2,0.65,0.52,1.34,0
1526,0.33,3.2,1.68,0.43,0.42,0
1407,0.0,1.4,0.29,0.39,0.15,0
878,0.33,1.2,1.41,0.22,0.29,0
1996,0.33,1.6,0.62,0.57,1.38,0
2000,0.0,1.7,1.17,0.52,0.2,0
1961,0.67,4.5,1.0,0.07,0.12,1
622,0.33,4.3,1.92,0.3,1.37,0
1824,1.0,3.1,0.78,0.43,0.32,0
1382,0.0,2.6,0.56,0.22,0.5,0
361,0.33,2.0,0.19,0.05,1.32,0
1448,0.67,1.4,1.85,0.0,1.49,0
172,0.67,3.9,1.36,0.38,1.11,0
1482,1.0,3.0,1.36,0.2,0.33,0
1231,0.0,2.3,1.93,0.56,1.31,0
550,1.0,2.0,1.29,0.45,1.12,0
1907,0.33,2.3,0.23,0.53,0.1,0
359,0.33,3.1,1.75,0.51,0.41,0
765,0.33,2.7,0.11,0.58,0.82,0
1258,1.0,4.9,0.5,0.31,0.34,0
1501,1.0,1.9,0.46,0.47,0.02,0
1009,0.67,2.4,0.67,0.3,0.24,0
1539,0.0,1.3,1.82,0.14,0.71,0
719,0.33,3.8,0.36,0.51,0.56,0
782,1.0,1.7,0.05,0.03,1.31,0
1727,0.0,2.0,0.68,0.12,1.26,0
437,0.67,1.6,1.15,0.02,0.34,0
1457,0.0,4.5,0.96,0.43,0.86,0
1931,1.0,1.3,1.89,0.09,1.27,0
545,0.33,2.4,1.29,0.59,1.0,0
784,0.67,4.1,1.26,0.04,1.15,0
462,0.33,4.7,1.43,0.47,1.13,0
1864,0.0,3.9,1.26,0.36,0.42,0
1429,1.0,1.8,0.6,0.21,0.43,0
758,1.0,2.8,1.63,0.38,1.26,0
1147,0.0,1.8,0.03,0.15,0.3,0
464,0.0,4.2,0.15,0.06,0.37,0
935,0.67,2.4,1.38,0.55,1.49,0
1143,1.0,1.1,0.08,0.11,0.21,0
1623,0.67,1.6,1.6,0.13,0.08,0
210,1.0,1.8,0.69,0.22,0.6,0
1067,1.0,2.4,1.04,0.13,0.65,0
288,0.67,3.2,1.34,0.03,1.0,0
1518,0.33,2.4,0.6,0.06,0.73,0
1264,0.67,3.2,1.07,0.13,0.13,0
366,0.0,4.8,0.3,0.59,0.64,0
648,0.33,2.8,0.73,0.5,0.51,0
961,0.33,3.4,1.16,0.6,0.39,0
1537,0.67,3.3,1.27,0.4,0.31,0
1558,0.67,1.1,1.79,0.46,0.79,0
774,0.33,4.1,0.12,0.32,0.33,0
365,1.0,3.0,0.1,0.39,0.7,0
95,0.33,4.6,1.86,0.46,1.32,0
425,1.0,3.7,0.52,0.17,0.34,1
1455,1.0,1.7,0.02,0.46,1.04,0
492,0.0,2.5,0.44,0.06,1.41,0
1155,0.67,2.9,1.43,0.08,1.17,0
857,1.0,4.8,1.15,0.07,0.33,1
116,0.33,4.3,0.6,0.3,0.48,0
656,0.0,3.5,0.13,0.42,0.98,0
1587,0.67,1.3,0.96,0.39,1.04,0
1358,0.33,1.7,1.51,0.4,0.92,0
1756,0.67,4.1,1.4,0.29,0.07,1
15,0.67,3.6,0.04,0.21,1.13,0
438,0.0,3.0,0.77,0.12,0.41,0
607,1.0,2.3,1.87,0.4,1.04,0
83,0.0,3.8,1.57,0.27,0.78,0
1508,0.0,3.4,1.1,0.03,0.67,0
746,1.0,4.3,0.82,0.42,1.26,0
650,0.33,1.3,1.98,0.57,0.03,0
1002,0.67,4.7,1.15,0.25,0.25,1
684,1.0,3.1,0.4,0.38,0.08,0
744,0.33,3.1,0.89,0.3,1.37,0
1568,0.67,4.9,1.68,0.48,1.01,0
564,0.0,3.7,1.8,0.12,1.41,0
225,1.0,3.2,1.49,0.26,0.51,0
1773,0.0,2.2,1.04,0.1,0.3,0
1988,0.67,2.8,1.34,0.47,0.01,0
734,1.0,2.8,0.53,0.52,0.67,0
739,1.0,2.7,0.84,0.46,1.5,0
1270,0.33,3.3,0.18,0.39,1.3,0
1126,0.67,1.1,1.67,0.51,0.83,0
1293,0.0,1.2,0.7,0.51,0.42,0
456,0.67,2.6,0.95,0.54,0.41,0
1641,0.67,4.6,0.25,0.51,1.14,0
1803,1.0,1.9,1.75,0.18,0.15,0
1351,0.33,2.8,0.49,0.31,0.42,0
334,0.0,4.5,1.19,0.32,1.15,0
1953,0.33,3.2,1.09,0.13,1.35,0
642,0.33,2.6,0.35,0.39,1.08,0
1220,0.33,1.6,0.14,0.0,0.94,0
1637,0.0,4.4,0.56,0.28,1.28,0
614,0.33,4.8,0.25,0.23,0.84,0
280,0.67,3.9,1.37,0.56,1.13,0
1534,1.0,1.0,0.51,0.4,0.7,0
1461,0.0,3.2,1.22,0.3,0.39,0
1990,1.0,1.3,0.76,0.54,1.43,0
1628,0.33,3.3,0.28,0.3,1.44,0
1625,0.0,3.8,0.55,0.53,0.12,0
1208,0.67,3.7,0.81,0.26,0.84,0
1042,0.0,3.0,0.32,0.51,0.13,0
1298,0.67,1.9,1.08,0.53,0.44,0
474,0.0,3.3,1.5,0.23,0.55,0
1116,1.0,3.4,0.34,0.05,1.21,0
915,0.33,3.0,1.1,0.41,0.14,0
858,0.33,4.1,1.74,0.1,1.37,0
961,0.33,4.8,0.32,0.37,0.68,0
255,0.67,2.1,1.94,0.36,1.28,0
76,0.0,2.1,0.19,0.54,0.47,0
559,0.67,4.4,0.64,0.41,0.81,0
468,1.0,4.3,1.95,0.13,0.98,0
1239,0.0,2.5,0.62,0.01,0.48,0
976,0.33,4.6,1.9,0.28,0.42,0
201,0.33,4.5,0.48,0.48,0.93,0
1807,0.0,3.5,0.77,0.35,1.32,0
1389,0.33,1.5,0.86,0.41,0.24,0
940,1.0,2.2,1.45,0.27,0.21,0
1895,0.33,4.9,0.22,0.43,0.5,0
1649,0.67,3.7,0.65,0.4,0.18,0
13,0.0,1.9,0.62,0.31,1.18,0
1679,0.33,1.2,0.11,0.12,0.56,0
113,0.0,1.4,0.28,0.37,0.46,0
64,0.67,3.0,0.06,0.44,0.49,0
1222,1.0,5.0,0.9,0.55,0.87,0
229,0.0,4.2,1.8,0.07,0.37,0
1653,0.0,2.4,1.84,0.24,0.14,0
1346,0.0,1.9,1.05,0.22,1.05,0
1837,0.33,2.7,0.59,0.47,0.95,0
1386,1.0,2.7,1.25,0.1,0.8,0
144,0.33,2.5,0.64,0.59,0.97,0
1838,0.67,4.3,1.99,0.42,0.34,0
904,1.0,2.3,1.02,0.02,1.28,0
105,0.0,3.2,0.45,0.54,0.61,0
940,1.0,4.7,0.67,0.2,0.25,1
962,0.0,3.5,0.98,0.52,0.54,0
221,0.33,3.1,0.59,0.57,1.49,0
1485,0.67,4.5,1.04,0.56,0.7,0
226,1.0,4.3,1.11,0.45,0.07,0
879,1.0,3.9,1.43,0.07,1.29,0
388,1.0,4.0,0.4,0.41,0.5,0
121,1.0,3.4,1.45,0.37,0.87,0
1359,0.0,3.3,1.43,0.12,0.51,0
164,0.33,4.5,1.14,0.55,1.0,0
746,0.67,4.0,1.66,0.18,0.07,1
1082,0.67,2.0,0.84,0.42,1.2,0
1112,0.33,4.1,0.21,0.22,0.33,0
384,1.0,2.0,1.73,0.26,0.44,0
632,1.0,2.2,0.97,0.19,0.59,0
1178,0.33,4.7,1.22,0.5,0.81,0
210,0.0,2.5,0.4,0.08,0.63,0
8,0.67,1.5,1.73,0.46,1.26,0
544,0.0,1.4,0.61,0.19,0.46,0
1002,1.0,2.1,1.64,0.18,0.05,0
1351,0.33,1.7,1.1,0.55,0.24,0
1792,0.33,1.2,0.42,0.48,0.46,0
773,0.33,1.7,1.78,0.26,0.07,0
730,0.67,2.8,0.83,0.45,1.33,0
1780,0.67,2.8,0.86,0.16,0.82,0
491,1.0,1.7,0.53,0.47,0.43,0
824,0.67,1.1,1.6,0.5,0.41,0
727,0.33,3.7,1.23,0.14,0.36,0
1806,0.0,4.2,1.97,0.23,1.4,0
1545,0.0,1.4,0.08,0.38,0.65,0
1276,0.33,4.9,1.67,0.38,0.31,0
1970,0.0,3.7,1.94,0.13,1.0,0
147,0.67,2.5,0.99,0.43,1.44,0
976,0.33,2.9,0.72,0.2,1.13,0
214,0.33,3.0,0.21,0.41,1.03,0
1524,0.0,4.5,0.57,0.2,1.06,0
1101,0.0,1.5,1.7,0.59,1.01,0
197,1.0,1.3,0.39,0.41,1.32,0
875,0.67,3.0,0.87,0.16,1.29,0
1990,0.67,1.3,0.44,0.3,0.43,0
737,1.0,1.3,1.28,0.2,0.46,0
1629,0.33,1.8,1.72,0.2,1.42,0
973,0.0,4.8,1.04,0.2,0.1,0
543,0.67,3.3,0.63,0.34,0.25,0
1707,1.0,1.1,1.96,0.18,0.97,0
1345,0.67,3.8,1.14,0.2,0.85,0
1010,1.0,3.2,1.44,0.16,0.37,0
1493,1.0,4.7,1.14,0.01,1.19,0
72,0.67,2.1,0.72,0.16,1.41,0
1783,0.0,3.3,1.43,0.45,0.31,0
936,1.0,2.9,0.42,0.51,0.6,0
1213,1.0,2.3,0.22,0.41,0.74,0
1643,1.0,4.6,1.98,0.13,0.38,1
366,0.67,2.3,0.92,0.34,0.55,0
683,0.33,2.7,0.55,0.28,1.38,0
1759,0.67,1.4,1.37,0.15,1.12,0
1050,1.0,4.8,0.43,0.19,0.81,0
1910,0.33,1.9,0.82,0.47,0.31,0
342,0.0,2.0,1.6,0.23,1.36,0
75,0.33,2.0,1.7,0.05,1.4,0
988,1.0,2.3,0.6,0.11,0.81,0
223,1.0,2.6,0.72,0.56,0.91,0
414,1.0,4.6,1.42,0.09,0.21,1
329,0.0,4.8,1.73,0.08,1.32,0
478,0.0,2.7,0.97,0.3,0.71,0
735,0.67,3.6,1.79,0.27,0.98,0
869,0.0,3.6,1.14,0.33,1.01,0
1016,0.33,4.5,0.65,0.22,0.76,0
334,0.33,2.9,0.76,0.37,1.25,0
860,1.0,4.0,1.37,0.3,0.75,0
1072,0.67,2.4,1.1,0.37,0.58,0
221,0.67,3.7,0.04,0.48,1.26,0
1930,0.33,2.7,1.78,0.14,1.23,0
1222,0.33,5.0,1.22,0.49,1.18,0
272,0.33,4.7,1.92,0.46,1.14,0
846,0.33,2.1,1.61,0.4,0.49,0
306,0.67,3.1,0.09,0.51,1.28,0
1120,0.0,1.5,1.84,0.07,1.24,0
1260,0.33,2.3,1.21,0.35,0.59,0
832,0.33,3.7,0.52,0.56,1.49,0
1590,0.0,2.4,0.56,0.44,1.26,0
1027,0.0,4.5,0.56,0.04,1.49,0
633,0.67,1.3,0.41,0.46,1.05,0
1827,0.0,2.3,0.27,0.29,1.08,0
1660,0.33,4.6,1.67,0.22,1.39,0
429,0.67,2.8,0.8,0.42,0.59,0
1399,0.67,2.0,1.54,0.3,0.77,0
1120,0.67,2.8,0.86,0.6,0.63,0
1221,1.0,2.0,1.22,0.3,1.42,0
1816,0.67,2.5,1.99,0.14,0.77,0
1160,0.0,3.1,1.67,0.04,1.44,0
1230,0.33,2.7,0.54,0.07,0.28,0
486,0.67,4.0,1.0,0.28,1.27,0
1697,0.0,2.4,0.63,0.09,1.35,0
209,0.0,5.0,0.07,0.51,1.34,0
1956,0.0,3.6,0.64,0.13,0.53,0
1825,0.33,1.0,1.8,0.15,1.12,0
307,0.0,1.8,1.58,0.13,0.5,0
822,0.33,3.0,1.42,0.6,1.25,0
1393,0.67,4.0,0.83,0.24,0.95,0
506,0.0,2.5,0.13,0.43,0.64,0
396,0.0,3.3,0.87,0.53,0.43,0
1423,0.67,2.3,0.62,0.12,1.31,0
275,0.33,3.7,0.22,0.38,0.83,0
812,1.0,3.2,1.57,0.35,0.52,0
1889,0.67,4.3,0.99,0.45,1.17,0
714,0.33,3.2,1.29,0.24,1.34,0
1561,0.67,4.9,0.07,0.28,0.89,0
1875,0.0,2.8,0.44,0.54,0.96,0
602,1.0,3.1,1.93,0.4,1.45,0
553,0.33,3.0,0.29,0.02,0.1,0
545,1.0,4.2,1.45,0.33,1.39,0
1700,1.0,4.2,0.98,0.54,0.59,0
32,0.0,2.8,0.59,0.31,1.06,0
531,1.0,1.1,1.84,0.56,0.53,0
868,0.67,3.6,1.26,0.51,0.55,0
785,0.67,1.6,0.69,0.26,1.29,0
658,1.0,2.6,1.79,0.19,0.59,0
1480,0.33,3.9,0.65,0.01,0.63,0
357,0.67,2.6,1.19,0.4,0.61,0
540,0.67,2.7,0.65,0.46,1.19,0
706,1.0,2.6,0.57,0.03,0.05,0
508,0.33,3.7,0.36,0.32,0.04,0
1866,0.67,1.2,0.18,0.5,0.68,0
1587,0.33,3.0,0.36,0.56,1.26,0
1402,0.0,4.4,0.78,0.28,0.41,0
1209,0.67,3.2,1.76,0.54,1.13,0
1187,0.67,3.6,1.6,0.45,0.92,0
66,1.0,2.3,1.53,0.07,1.03,0
1689,0.67,2.3,0.87,0.35,0.74,0
1105,0.67,4.9,0.95,0.42,1.45,0
1013,0.0,1.4,1.91,0.34,1.32,0
801,0.0,2.0,0.16,0.38,0.23,0
90,0.0,1.1,0.66,0.31,0.05,0
541,0.0,2.3,0.56,0.25,1.12,0
1696,0.0,2.5,1.63,0.03,0.57,0
1828,1.0,2.0,1.94,0.59,1.13,0
610,1.0,3.2,0.31,0.1,0.67,0
669,0.67,4.4,1.15,0.52,0.15,0
1485,0.33,3.6,1.06,0.12,1.46,0
1790,1.0,1.2,1.4,0.39,1.2,0
1908,0.33,1.4,0.36,0.04,0.81,0
529,0.33,3.0,1.97,0.44,0.73,0
1565,1.0,3.1,0.42,0.37,1.18,0
186,0.33,3.3,1.54,0.12,1.14,0
1850,0.67,3.7,1.72,0.07,0.93,0
1537,0.0,1.2,1.63,0.28,1.48,0
596,0.0,4.7,0.29,0.21,0.53,0
496,0.33,2.2,1.94,0.54,1.31,0
1114,0.0,2.3,0.76,0.47,0.57,0
1558,0.67,4.8,1.69,0.07,0.53,1
4,0.67,3.2,1.89,0.3,1.02,0
1047,0.67,1.4,0.99,0.57,1.5,0
1235,0.33,4.4,0.71,0.23,0.44,0
868,1.0,2.7,0.4,0.48,1.23,0
1071,1.0,3.3,1.23,0.19,0.23,0
1602,1.0,2.5,0.93,0.36,0.12,0
694,0.0,4.1,0.22,0.25,0.02,0
764,0.0,3.2,1.15,0.07,0.34,0
1472,0.0,2.7,0.32,0.58,1.27,0
71,0.67,3.1,0.7,0.06,0.92,0
1870,0.33,2.2,1.53,0.26,0.26,0
867,0.67,3.8,1.69,0.54,1.46,0
1173,0.33,4.1,0.97,0.53,0.75,0
1476,0.67,4.3,1.64,0.44,1.47,0
1454,0.67,4.0,1.91,0.37,1.14,0
944,1.0,1.2,0.57,0.06,0.96,0
1125,0.67,3.8,1.07,0.17,1.3,0
179,0.0,4.2,0.69,0.18,0.7,0
737,1.0,1.8,0.09,0.24,0.13,0
803,0.67,5.0,1.13,0.06,0.47,1
218,0.67,2.0,1.37,0.46,1.34,0
568,0.33,3.4,0.23,0.01,0.66,0
1147,0.0,3.6,1.35,0.55,0.95,0
1674,0.0,4.2,1.79,0.5,0.51,0
375,0.33,4.5,1.14,0.37,0.22,0
1960,0.67,4.3,1.14,0.14,1.37,0
766,0.0,2.8,0.08,0.39,1.29,0
1346,0.67,2.0,1.24,0.49,0.8,0
1303,1.0,4.5,1.86,0.16,1.39,0
1634,0.67,3.8,1.37,0.5,0.89,0
1552,0.33,4.2,1.38,0.1,0.84,0
138,1.0,4.8,1.4,0.19,1.04,0
66,0.33,3.0,1.32,0.57,1.33,0
478,0.67,2.2,0.83,0.13,1.43,0
558,0.33,2.5,0.05,0.13,0.45,0
1221,0.33,1.5,1.64,0.29,1.09,0
752,0.33,4.8,0.43,0.04,0.12,0
1349,1.0,4.7,1.14,0.18,0.93,0
28,0.0,4.5,1.87,0.57,0.73,0
1934,0.0,2.0,0.53,0.6,0.8,0
1884,0.0,4.4,1.26,0.24,0.01,0
1791,0.33,5.0,0.42,0.47,1.34,0
1497,1.0,2.6,1.8,0.27,0.26,0
1205,1.0,2.7,0.7,0.05,1.48,0
54,0.0,2.2,0.91,0.51,0.76,0
1373,0.0,3.6,1.24,0.45,0.51,0
1413,1.0,4.6,0.24,0.02,0.01,1
1356,0.0,1.2,1.65,0.41,0.98,0
1824,0.0,2.8,1.46,0.47,0.4,0
1729,0.67,5.0,1.31,0.22,1.38,0
1041,0.0,3.8,1.74,0.58,1.13,0
279,1.0,3.6,1.15,0.02,1.01,0
66,0.0,2.1,0.08,0.42,0.42,0
160,0.0,4.6,1.18,0.52,0.33,0
816,1.0,1.6,1.32,0.45,1.2,0
1373,0.67,4.1,0.27,0.27,0.48,1
1161,1.0,4.8,0.45,0.43,0.24,0
1204,1.0,4.6,0.61,0.03,0.5,1
1372,0.33,4.8,1.09,0.44,0.69,0
1343,0.33,1.1,0.19,0.43,0.62,0
1026,1.0,3.2,1.41,0.43,0.16,0
310,0.33,3.6,0.99,0.17,0.09,0
1879,0.33,3.7,1.83,0.47,0.52,0
253,0.33,3.3,1.84,0.38,1.37,0
1003,0.67,2.1,0.29,0.45,1.05,0
1455,0.0,2.4,0.7,0.23,1.16,0
1540,1.0,3.8,0.39,0.11,0.2,1
1611,0.33,2.1,0.38,0.42,1.22,0
1769,0.0,4.1,1.77,0.39,1.35,0
365,0.67,2.8,0.78,0.14,1.01,0
562,0.0,1.1,1.88,0.09,0.14,0
851,0.67,1.5,1.61,0.54,0.45,0
1956,1.0,3.7,2.0,0.15,1.28,0
720,0.33,1.7,1.79,0.42,0.27,0
677,0.0,3.4,1.42,0.47,1.24,0
841,0.33,3.8,1.04,0.12,1.28,0
1697,0.67,2.0,0.44,0.18,0.87,0
556,0.33,1.3,0.46,0.05,0.04,0
1842,0.33,2.5,0.61,0.41,1.36,0
162,0.33,4.8,1.95,0.4,1.01,0
231,1.0,3.1,1.82,0.4,0.97,0
1586,0.33,2.0,0.03,0.11,0.74,0
1803,1.0,3.7,0.7,0.43,1.32,0
1236,0.0,5.0,1.88,0.39,0.61,0
1652,0.33,2.3,0.58,0.11,0.38,0
1239,1.0,1.8,0.13,0.04,1.35,0
1547,0.33,4.8,1.12,0.31,0.09,0
802,1.0,1.1,0.63,0.1,1.46,0
543,0.0,4.7,1.28,0.4,0.22,0
633,0.33,4.4,0.91,0.2,0.57,0
816,0.33,3.3,0.9,0.49,0.3,0
265,0.67,1.2,0.0,0.53,0.81,0
1993,0.33,4.8,1.86,0.07,0.2,0
102,0.67,4.2,1.9,0.17,1.48,0
1797,1.0,2.0,0.26,0.32,0.7,0
1393,1.0,4.6,1.58,0.36,0.03,0
1634,0.33,2.5,1.81,0.04,0.94,0
42,0.0,2.9,1.77,0.16,0.66,0
387,0.0,4.7,1.8,0.48,0.94,0
908,1.0,2.6,1.29,0.32,1.13,0
1390,0.0,1.4,0.55,0.31,0.07,0
122,0.67,2.5,0.22,0.46,1.07,0
1087,0.33,4.5,1.6,0.58,0.55,0
1220,0.33,2.7,0.06,0.44,0.82,0
76,1.0,4.8,1.39,0.13,1.43,0
54,1.0,3.7,0.04,0.56,0.66,0
1738,0.33,2.9,1.91,0.2,0.04,0
60,0.0,1.8,0.31,0.14,1.28,0
854,0.67,1.7,1.86,0.08,0.47,0
1691,0.67,4.9,1.67,0.02,1.11,0
1668,0.33,1.2,0.82,0.1,0.27,0
913,0.33,2.3,0.14,0.52,0.49,0
1372,0.33,3.3,1.83,0.17,0.75,0
353,0.0,2.3,1.25,0.43,0.18,0
1710,1.0,1.6,1.95,0.48,1.22,0
573,1.0,1.6,0.17,0.29,0.83,0
7,0.33,2.4,0.97,0.18,0.48,0
582,0.33,4.1,1.93,0.43,0.45,0
115,1.0,3.8,0.79,0.07,0.98,0
1271,1.0,3.2,1.22,0.25,1.38,0
983,0.33,1.2,1.06,0.46,1.24,0
1286,1.0,4.0,1.17,0.19,1.17,0
1704,1.0,3.7,0.61,0.04,0.77,1
1628,0.0,1.0,1.47,0.02,0.13,0
1279,1.0,1.5,1.86,0.51,1.28,0
95,0.0,3.6,0.52,0.28,1.36,0
1988,1.0,1.4,0.3,0.34,1.24,0
1199,0.0,4.9,0.85,0.26,1.33,0
1311,1.0,3.7,0.25,0.11,1.17,0
877,0.33,4.6,0.84,0.51,0.45,0
50,0.33,2.5,0.74,0.26,1.17,0
1128,0.67,1.8,0.68,0.58,0.76,0
484,0.33,1.6,1.0,0.26,0.01,0
954,0.0,2.5,0.72,0.35,1.34,0
672,1.0,4.3,0.71,0.19,0.95,0
921,0.0,3.2,0.15,0.14,0.34,0
1371,0.33,1.4,0.37,0.29,1.25,0
1227,0.33,3.7,1.14,0.48,0.55,0
330,0.33,1.9,1.09,0.16,1.46,0
859,0.33,3.4,1.26,0.49,0.17,0
638,0.67,3.5,0.54,0.25,0.91,0
1423,0.0,1.2,1.13,0.53,0.86,0
44,1.0,3.2,0.93,0.59,0.16,0
727,0.67,3.5,0.2,0.51,1.04,0
724,0.33,1.5,0.89,0.27,1.13,0
879,0.67,2.0,0.61,0.54,0.19,0
1159,0.0,2.6,1.51,0.23,1.28,0
1410,1.0,2.2,0.64,0.38,0.2,0
96,1.0,1.9,1.57,0.24,0.7,0
677,0.33,3.2,1.28,0.28,0.83,0
1113,0.33,1.4,0.27,0.36,1.42,0
407,0.33,4.7,0.5,0.14,0.39,0
391,0.67,1.8,0.16,0.37,1.04,0
1022,0.33,3.3,1.76,0.04,0.26,0
828,1.0,3.4,0.92,0.22,0.69,0
1,0.0,1.2,0.65,0.28,0.54,0
29,0.0,1.1,1.66,0.4,0.13,0
285,1.0,4.0,0.07,0.54,0.92,0
1701,0.0,3.8,0.47,0.59,0.06,0
1184,0.67,4.2,1.19,0.49,0.12,0
1493,0.67,1.8,1.9,0.03,1.27,0
1301,1.0,4.7,1.86,0.45,1.24,0
1896,0.67,3.3,0.93,0.59,1.28,0
1559,0.0,1.8,1.68,0.56,1.01,0
1511,0.67,4.7,1.14,0.55,0.62,0
1791,0.0,1.1,0.69,0.41,0.89,0
1619,0.0,4.2,0.25,0.39,0.24,0
1304,0.33,4.5,1.97,0.47,1.26,0
1599,0.0,5.0,0.55,0.04,1.03,0
722,0.0,1.6,1.82,0.31,1.37,0
791,1.0,3.4,1.66,0.47,0.03,0
1855,0.33,1.5,0.39,0.58,0.17,0
1508,0.33,4.3,0.69,0.19,0.75,0
527,0.67,1.8,1.79,0.16,0.97,0
593,0.0,1.2,1.88,0.07,1.49,0
1730,0.67,1.3,1.12,0.18,0.45,0
579,0.33,3.0,1.95,0.13,0.35,0
1685,0.33,1.9,1.3,0.04,0.41,0
647,0.0,2.2,0.2,0.54,1.03,0
71,0.0,2.7,0.92,0.17,0.68,0
394,1.0,3.7,1.48,0.39,0.6,0
1521,0.0,1.8,1.51,0.33,1.44,0
1872,1.0,2.5,1.64,0.01,0.65,0
1990,0.33,2.7,0.74,0.54,0.79,0
926,0.67,2.3,1.41,0.26,0.85,0
459,0.67,1.8,1.53,0.31,0.58,0
1772,0.33,5.0,0.94,0.1,1.42,0
142,0.67,4.1,1.78,0.28,0.52,1
934,0.0,2.5,0.59,0.05,1.46,0
1941,0.0,3.4,0.3,0.1,1.02,0
1524,1.0,4.8,0.14,0.52,1.07,0
1643,0.0,4.7,1.86,0.19,0.82,0
596,1.0,4.7,1.41,0.47,1.48,0
741,0.0,4.9,0.14,0.53,1.38,0
1098,0.33,1.4,1.34,0.14,0.36,0
375,1.0,2.4,1.66,0.1,1.07,0
1958,0.0,2.3,1.07,0.24,0.07,0
587,0.67,1.4,1.45,0.02,1.42,0
1301,1.0,1.4,0.72,0.22,0.88,0
710,0.67,2.8,0.41,0.28,0.27,0
947,0.0,3.4,0.95,0.2,1.17,0
1489,1.0,2.8,1.09,0.13,0.35,0
684,0.67,4.7,0.31,0.23,0.03,1
998,0.67,2.0,1.87,0.03,0.16,0
562,0.33,4.7,0.65,0.14,0.12,0
1550,0.0,1.4,1.08,0.13,1.14,0
1307,0.33,4.4,0.44,0.04,0.91,0
1212,1.0,3.5,0.54,0.58,1.48,0
29,1.0,2.2,1.34,0.45,0.84,0
225,0.67,3.3,0.01,0.38,0.71,0
1961,0.0,4.0,1.55,0.48,1.33,0
1035,0.67,1.9,0.65,0.44,0.32,0
282,1.0,4.7,1.48,0.24,0.34,1
1091,0.67,2.8,1.94,0.07,0.14,0
860,0.33,1.1,0.39,0.29,0.35,0
910,0.0,4.8,0.8,0.44,0.2,0
756,0.33,1.4,1.85,0.44,1.37,0
1898,0.0,2.6,0.09,0.03,0.62,0
868,0.33,1.0,1.22,0.37,0.21,0
41,0.67,1.6,1.81,0.04,0.23,0
826,0.0,4.3,0.25,0.57,0.09,0
910,1.0,2.9,0.96,0.28,0.45,0
313,0.33,1.4,0.65,0.33,0.58,0
1474,0.33,2.6,1.54,0.19,1.1,0
1419,0.33,2.1,1.02,0.39,0.1,0
1260,0.33,2.7,0.97,0.41,0.81,0
1853,0.67,2.8,0.63,0.13,1.18,0
1110,0.33,3.2,1.38,0.19,0.67,0
806,0.33,1.0,0.22,0.48,0.14,0
1266,0.67,2.3,1.6,0.08,0.14,0
730,1.0,1.3,0.08,0.15,1.29,0
499,0.67,4.8,1.39,0.08,1.19,0
1908,0.0,1.3,0.63,0.28,1.2,0
610,1.0,2.4,0.83,0.05,0.1,0
1278,0.67,3.8,1.38,0.26,0.76,1
1930,0.0,3.3,1.44,0.51,1.32,0
1172,0.0,2.5,1.89,0.32,0.93,0
1108,1.0,4.1,1.06,0.48,0.59,0
490,0.67,3.0,0.93,0.45,1.38,0
734,0.0,2.6,0.76,0.06,0.71,0
1085,0.0,2.5,0.45,0.1,0.89,0
511,1.0,2.6,0.18,0.45,0.1,0
362,0.33,1.3,1.02,0.14,0.84,0
262,1.0,4.3,1.77,0.03,1.06,0
804,0.67,3.4,0.34,0.59,1.24,0
1476,0.0,2.5,1.69,0.14,1.06,0
1514,1.0,4.1,0.64,0.41,0.02,0
1089,1.0,2.2,1.13,0.12,0.44,0
1525,0.0,2.9,0.66,0.43,1.21,0
455,0.33,1.3,0.1,0.05,0.79,0
823,0.0,3.0,1.42,0.01,0.56,0
1559,1.0,1.9,1.16,0.38,0.05,0
1638,1.0,3.6,1.12,0.36,1.27,0
1171,0.33,3.5,1.27,0.11,0.69,0
1103,0.0,3.0,1.86,0.02,0.79,0
1040,0.0,1.5,1.03,0.54,1.1,0
1926,1.0,2.1,1.79,0.22,0.14,0
511,0.0,2.2,1.6,0.25,0.72,0
560,0.0,4.8,0.63,0.17,0.34,0
356,0.67,1.7,1.4,0.6,1.2,0
1674,1.0,3.6,0.78,0.53,0.44,0
1763,0.33,1.2,1.24,0.59,1.13,0
17,1.0,4.1,1.55,0.19,0.43,1
1931,0.0,1.3,0.72,0.16,1.23,0
603,0.33,1.4,1.77,0.51,1.46,0
418,0.33,3.5,1.87,0.01,0.76,0
1520,1.0,1.4,1.35,0.19,0.97,0
350,0.67,4.7,1.76,0.59,0.83,0
335,0.67,4.9,1.73,0.56,0.17,0
882,0.33,2.8,1.4,0.54,0.43,0
1612,0.0,3.2,1.59,0.0,1.5,0
1437,0.33,3.3,1.92,0.21,0.08,0
1581,0.0,3.6,1.65,0.42,0.7,0
975,1.0,3.1,0.99,0.58,1.07,0
0,0.33,2.6,0.78,0.27,0.17,0
1916,0.33,3.9,1.9,0.5,0.02,0
769,0.0,1.5,1.49,0.19,0.19,0
1106,0.0,1.1,1.66,0.27,0.77,0
703,0.67,3.5,1.96,0.27,1.41,0
1113,1.0,2.8,1.46,0.38,0.4,0
166,1.0,2.6,1.21,0.27,0.38,0
818,0.0,1.4,0.37,0.27,1.1,0
311,0.33,1.1,1.06,0.46,0.15,0
1646,0.67,2.9,1.2,0.59,0.75,0
99,0.0,1.0,0.21,0.48,0.43,0
261,1.0,1.2,1.04,0.39,1.41,0
668,1.0,2.3,1.57,0.33,1.26,0
55,0.67,4.6,0.26,0.05,1.08,0
422,0.67,1.0,0.34,0.5,0.87,0
1953,1.0,2.7,0.93,0.08,1.16,0
1213,1.0,3.8,1.25,0.29,1.23,0
1341,1.0,3.9,0.78,0.19,0.98,0
593,1.0,1.1,1.06,0.55,1.27,0
1142,0.33,2.9,1.6,0.17,0.71,0
933,1.0,4.9,0.82,0.45,0.77,0
1648,0.67,3.3,0.2,0.45,0.85,0
365,0.33,1.4,0.44,0.37,1.12,0
1933,1.0,3.0,0.6,0.03,0.75,0
588,0.33,4.1,0.11,0.03,0.44,0
600,0.33,2.8,1.0,0.38,0.32,0
813,0.67,2.5,0.41,0.17,1.2,0
1202,0.67,1.3,1.77,0.27,1.16,0
1180,0.67,3.4,1.01,0.32,1.39,0
1429,0.0,2.8,0.3,0.35,0.26,0
1686,0.0,1.9,1.95,0.53,0.86,0
1877,0.0,2.6,0.69,0.51,0.41,0
168,0.0,4.5,0.09,0.16,0.55,0
922,0.0,1.7,0.98,0.39,0.7,0
498,0.67,4.5,0.81,0.55,1.47,0
1390,0.33,3.8,1.91,0.01,0.84,0
891,1.0,4.5,1.78,0.04,0.56,1
1835,0.67,1.1,0.31,0.19,0.93,0
913,0.0,3.3,0.34,0.48,0.7,0
1208,0.33,3.5,0.83,0.48,0.86,0
1532,0.67,3.0,0.64,0.28,0.57,0
240,0.33,2.4,1.82,0.45,0.21,0
1060,0.67,1.1,1.92,0.58,0.48,0
151,0.67,1.9,1.95,0.01,0.46,0
436,0.67,4.5,1.22,0.22,1.03,0
680,0.67,2.9,0.33,0.17,0.39,0
859,0.33,3.5,0.1,0.47,0.13,0
991,0.33,2.3,1.51,0.36,1.35,0
715,0.33,3.3,0.54,0.38,0.17,0
512,0.0,2.4,1.82,0.48,1.41,0
897,0.67,3.7,1.36,0.32,0.95,0
619,0.33,1.4,1.86,0.05,0.1,0
1066,0.33,1.6,1.1,0.49,1.09,0
422,1.0,1.3,0.59,0.26,0.57,0
1523,0.33,3.8,0.58,0.11,1.37,0
1241,0.67,4.4,0.34,0.46,0.39,0
1443,0.33,2.6,1.11,0.07,1.33,0
755,1.0,1.7,0.25,0.56,0.21,0
1480,0.67,2.8,1.97,0.01,0.31,0
1681,0.33,1.1,1.22,0.17,0.97,0
1960,0.67,2.4,0.82,0.03,0.57,0
235,0.0,3.8,1.02,0.18,1.36,0
893,0.33,2.9,0.59,0.49,0.48,0
200,0.67,4.5,1.74,0.41,1.18,0
565,0.0,2.1,1.85,0.39,0.4,0
1490,1.0,3.2,1.29,0.05,0.51,0
1553,1.0,3.7,1.77,0.54,0.74,0
414,1.0,4.7,0.61,0.56,0.03,0
240,0.33,2.2,1.66,0.41,1.22,0
1361,0.67,1.1,1.92,0.26,0.42,0
1164,0.33,3.9,0.91,0.54,0.65,0
1550,0.67,3.3,1.0,0.11,1.05,0
808,0.67,3.2,1.1,0.37,1.36,0
574,0.33,3.4,1.17,0.37,1.04,0
600,0.33,2.3,0.48,0.2,0.92,0
1147,0.0,2.6,1.41,0.44,0.04,0
1233,1.0,1.4,1.02,0.02,0.85,0
1551,1.0,4.1,1.04,0.46,0.59,0
584,1.0,4.5,0.67,0.07,1.17,0
648,0.67,4.4,0.97,0.26,0.66,1
408,0.0,1.4,1.29,0.33,0.45,0
531,0.33,3.2,1.86,0.41,1.44,0
1080,0.0,3.6,1.98,0.2,1.48,0
1651,0.33,2.3,1.26,0.33,0.59,0
536,0.67,1.3,1.96,0.29,0.78,0
775,0.0,1.6,0.86,0.14,1.38,0
1994,0.33,4.1,1.36,0.57,0.25,0
943,0.33,4.7,1.27,0.27,0.65,0
962,0.67,3.7,1.42,0.25,1.14,0
74,0.67,2.1,1.85,0.24,0.83,0
214,1.0,3.7,1.01,0.14,0.57,1
647,0.33,2.7,1.52,0.33,0.04,0
1013,0.33,2.8,1.92,0.09,1.23,0
1095,0.67,1.9,0.69,0.58,1.14,0
1835,0.0,2.0,1.05,0.3,0.04,0
1713,0.0,1.8,0.28,0.04,0.28,0
855,0.0,2.9,1.11,0.52,1.02,0
1209,0.67,4.7,0.41,0.04,0.72,1
1331,1.0,2.2,0.7,0.43,0.9,0
772,0.67,2.8,0.86,0.45,0.75,0
1252,1.0,1.9,0.97,0.25,0.66,0
814,0.33,1.5,1.54,0.55,0.53,0
570,1.0,3.7,0.17,0.56,0.71,0
670,0.0,4.5,1.86,0.49,0.48,0
88,0.0,1.5,1.26,0.57,0.01,0
52,0.67,4.8,1.76,0.15,1.09,0
774,0.0,2.9,0.75,0.38,0.72,0
273,0.67,1.2,1.83,0.32,1.02,0
407,1.0,3.0,0.13,0.33,0.23,0
1776,0.0,2.6,0.31,0.5,0.48,0
429,0.67,4.3,1.52,0.39,0.7,0
894,0.33,3.1,1.5,0.05,1.34,0
361,0.0,1.9,2.0,0.58,0.44,0
275,0.0,3.7,0.67,0.51,0.7,0
1949,1.0,4.3,0.21,0.49,1.25,0
466,0.0,2.2,0.27,0.56,0.66,0
1105,0.67,3.1,0.44,0.04,0.5,0
286,0.67,3.4,0.52,0.39,1.11,0
1157,1.0,1.7,1.6,0.23,0.71,0
589,0.33,4.4,1.38,0.31,0.42,0
1095,0.0,4.8,1.08,0.08,0.89,0
1030,0.67,4.3,0.83,0.43,0.43,0
221,0.67,1.7,1.96,0.13,0.56,0
77,0.0,3.3,1.3,0.42,1.18,0
1768,0.0,1.5,0.2,0.22,1.12,0
374,0.33,1.3,1.76,0.32,0.1,0
1165,0.33,2.5,1.74,0.14,0.49,0
1883,0.33,2.3,1.06,0.58,0.22,0
868,0.0,1.7,0.22,0.59,0.16,0
539,0.67,4.1,0.17,0.28,0.12,1
1757,0.0,2.5,1.18,0.47,1.33,0
1478,0.33,1.7,1.77,0.05,0.18,0
27,0.67,2.8,0.6,0.03,0.4,0
499,0.67,1.4,1.9,0.07,0.26,0
933,0.33,3.8,1.91,0.01,0.69,0
1443,0.0,1.9,1.72,0.22,0.94,0
1783,0.33,2.3,0.01,0.01,0.66,0
867,0.33,4.1,1.02,0.09,0.99,0
514,0.33,1.7,1.01,0.26,0.35,0
625,0.67,4.5,1.25,0.59,0.62,0
725,0.0,1.5,1.09,0.42,0.72,0
760,0.67,4.7,1.3,0.57,0.86,0
482,0.33,3.9,0.51,0.24,0.69,0
1190,1.0,4.2,1.36,0.45,0.99,0
1995,0.0,4.4,0.74,0.26,1.22,0
101,0.33,3.0,1.5,0.22,0.56,0
1451,0.33,2.8,0.76,0.45,0.42,0
703,0.0,2.0,1.73,0.41,0.87,0
1366,1.0,2.6,1.6,0.02,0.44,0
1718,0.0,2.8,1.22,0.53,0.65,0
1980,0.67,2.6,1.15,0.25,1.44,0
655,0.33,3.3,1.69,0.12,0.44,0
1613,0.33,2.0,0.02,0.21,0.03,0
293,0.67,4.8,1.79,0.23,0.04,1
305,0.67,3.1,0.34,0.17,0.12,0
1800,1.0,3.5,0.69,0.57,0.21,0
1119,0.33,2.1,0.3,0.52,0.21,0
1094,1.0,3.8,1.53,0.16,1.05,0
1100,1.0,3.0,1.84,0.3,0.42,0
640,0.0,3.1,1.65,0.38,0.34,0
1895,0.33,2.5,1.11,0.37,0.69,0
1263,0.0,4.5,0.31,0.54,0.27,0
1944,0.33,2.3,1.0,0.26,1.3,0
76,0.33,3.7,1.4,0.27,0.84,0
1435,0.67,3.3,1.97,0.47,0.51,0
393,1.0,1.9,1.19,0.36,0.12,0
1575,0.33,4.4,0.64,0.36,0.83,0
670,0.0,2.5,1.39,0.15,0.75,0
279,1.0,1.3,0.36,0.04,0.93,0
1410,0.0,4.1,1.48,0.14,0.52,0
982,1.0,2.5,1.02,0.48,0.96,0
1295,1.0,3.3,1.23,0.27,1.18,0
679,0.33,2.0,1.75,0.41,0.45,0
275,0.33,1.1,0.48,0.53,0.42,0
1136,0.33,3.5,0.89,0.3,1.17,0
1073,0.33,3.7,1.97,0.38,0.76,0
273,0.33,1.1,1.41,0.45,0.47,0
1864,0.33,3.0,1.93,0.58,0.77,0
1938,0.33,4.5,0.55,0.56,1.34,0
770,1.0,1.3,0.41,0.25,0.03,0
182,0.33,1.2,0.02,0.18,1.23,0
378,1.0,3.1,1.57,0.27,0.39,0
923,1.0,4.0,1.12,0.2,0.27,1
1100,0.33,1.7,0.19,0.02,1.33,0
191,0.0,4.4,1.12,0.15,0.09,0
1717,0.33,2.8,0.4,0.37,0.38,0
1074,0.67,4.9,1.54,0.58,0.12,0
1798,0.33,2.8,0.87,0.24,1.0,0
870,0.0,3.1,0.54,0.07,0.99,0
809,1.0,4.2,0.28,0.37,1.09,0
1941,0.0,2.2,0.89,0.18,0.49,0
1142,0.33,4.5,1.54,0.59,0.38,0
675,0.67,2.5,1.33,0.44,0.24,0
41,0.33,1.8,0.79,0.36,0.07,0
266,0.33,2.8,1.17,0.06,0.65,0
672,0.67,4.6,0.94,0.26,1.37,0
172,0.0,2.7,1.18,0.26,0.96,0
1679,0.67,4.3,1.49,0.1,1.09,0
361,0.33,2.5,0.47,0.59,0.38,0
1129,0.0,2.2,0.76,0.19,0.68,0
863,0.0,2.9,1.31,0.0,1.35,0
325,0.0,4.8,1.24,0.17,0.49,0
541,0.67,4.7,1.53,0.47,0.92,0
171,0.33,1.3,1.45,0.08,0.26,0
1738,1.0,2.0,1.62,0.08,0.53,0
958,0.67,1.9,1.47,0.51,1.1,0
1262,1.0,2.3,0.06,0.03,0.94,0
717,0.67,4.4,1.41,0.28,1.33,0
361,0.67,4.5,1.99,0.39,0.68,0
1492,0.0,3.0,1.6,0.13,1.0,0
1762,1.0,3.5,1.89,0.3,0.89,0
988,0.33,2.4,0.09,0.45,0.28,0
1234,1.0,2.3,0.33,0.45,1.05,0
770,0.33,4.9,1.99,0.47,0.32,0
1048,0.67,4.2,1.27,0.14,1.24,0
474,0.67,3.5,1.44,0.41,1.09,0
89,0.0,3.0,1.24,0.48,0.62,0
1956,1.0,3.8,0.51,0.49,0.49,0
1084,0.67,4.3,0.28,0.38,1.01,0
698,1.0,2.1,0.42,0.49,0.43,0
1151,0.33,1.0,1.0,0.06,0.39,0
1451,0.0,3.5,0.61,0.58,1.18,0
1468,0.67,2.6,1.15,0.36,0.5,0
1592,0.33,4.9,0.65,0.12,0.69,0
279,0.0,4.5,0.27,0.55,0.23,0
1465,0.33,4.0,1.73,0.06,1.45,0
1835,0.33,3.7,1.25,0.54,0.47,0
132,0.0,3.7,0.47,0.42,1.46,0
475,1.0,3.5,0.24,0.17,0.72,1
991,0.0,4.9,0.54,0.15,0.1,0
1916,0.33,2.1,0.75,0.06,0.98,0
1837,0.0,1.3,1.37,0.05,0.29,0
978,0.33,2.4,1.5,0.41,0.63,0
1986,0.67,2.3,0.8,0.47,0.51,0
810,0.33,1.1,1.81,0.46,1.08,0
1815,0.33,4.1,0.06,0.53,0.33,0
880,1.0,2.5,0.11,0.25,0.13,0
386,0.67,2.8,1.28,0.43,0.35,0
79,1.0,3.3,0.66,0.31,0.95,0
1004,0.33,4.9,0.07,0.03,0.12,0
647,0.33,4.2,1.31,0.43,0.15,0
1655,1.0,1.9,0.53,0.0,0.7,0
921,0.0,2.4,0.95,0.45,1.49,0
1707,0.33,3.1,1.86,0.32,1.44,0
1125,0.0,4.6,0.12,0.58,0.93,0
1207,1.0,1.8,0.53,0.34,0.51,0
444,0.33,4.6,1.53,0.54,0.3,0
528,0.33,4.7,1.06,0.04,1.21,0
1029,1.0,4.8,0.27,0.0,1.39,0
1939,0.67,2.1,1.29,0.41,0.37,0
1676,0.33,2.7,0.4,0.08,1.01,0
1044,0.67,1.1,1.64,0.16,1.26,0
1013,0.67,4.7,1.13,0.03,1.16,0
1256,0.33,3.5,1.29,0.02,0.72,0
1750,0.33,2.0,0.46,0.01,0.21,0
638,0.0,3.8,0.15,0.32,1.13,0
1821,0.33,3.3,1.8,0.36,0.78,0
619,0.0,3.2,1.1,0.37,0.35,0
727,0.33,1.6,1.42,0.48,0.46,0
155,0.67,2.6,0.84,0.54,1.08,0
1529,0.0,3.9,0.14,0.51,0.56,0
1960,0.33,4.0,0.06,0.07,1.33,0
257,0.67,4.8,0.16,0.35,0.69,0
115,0.0,3.9,1.42,0.47,0.35,0
1717,0.33,2.6,0.55,0.39,0.42,0
306,0.33,1.3,1.66,0.11,1.25,0
1703,1.0,2.8,0.05,0.34,1.25,0
1358,0.67,3.3,1.75,0.01,1.31,0
1754,0.0,3.0,1.52,0.59,1.36,0
1802,0.33,2.5,1.14,0.49,0.4,0
266,0.0,2.0,0.48,0.47,1.49,0
1650,1.0,3.0,1.09,0.12,1.43,0
1001,0.0,1.0,0.08,0.5,0.23,0
94,0.33,4.6,1.71,0.27,0.39,0
1602,0.0,4.7,0.52,0.38,0.53,0
1140,0.33,1.4,0.63,0.39,0.67,0
288,0.67,2.6,0.7,0.03,1.42,0
670,0.33,1.4,0.94,0.52,0.6,0
1497,0.67,3.5,0.22,0.25,1.28,0
232,1.0,1.8,0.36,0.34,0.27,0
76,0.67,4.4,0.78,0.54,0.68,0
838,0.0,4.4,0.91,0.53,1.22,0
257,0.0,4.2,1.9,0.37,0.04,0
746,0.33,1.6,1.61,0.07,0.06,0
386,0.67,4.3,1.15,0.47,1.0,0
828,0.33,3.0,0.8,0.15,0.6,0
254,0.33,2.2,0.45,0.27,0.13,0
1056,0.33,1.8,0.65,0.03,0.71,0
1243,0.67,1.4,1.7,0.53,0.68,0
139,0.67,2.7,1.8,0.08,1.08,0
1422,0.0,2.3,0.43,0.58,0.7,0
1365,0.0,2.2,0.17,0.44,0.04,0
1260,1.0,1.6,1.23,0.52,0.06,0
211,0.67,4.7,0.81,0.26,1.17,0
1001,1.0,2.0,1.48,0.32,0.29,0
574,0.0,2.0,0.31,0.23,1.0,0
758,0.33,3.0,0.71,0.32,0.94,0
516,0.33,4.9,1.7,0.43,1.35,0
622,0.33,3.7,1.67,0.07,0.15,0
1827,0.33,4.3,0.9,0.19,0.42,0
1289,0.33,5.0,1.57,0.46,1.45,0
893,1.0,1.9,0.1,0.41,1.43,0
1748,1.0,4.7,0.29,0.26,0.62,1
1172,1.0,4.2,1.54,0.11,0.63,1
1348,0.33,1.7,1.24,0.32,0.83,0
639,0.67,2.0,1.68,0.5,0.61,0
1421,0.0,4.5,1.5,0.09,0.42,0
1517,0.33,2.1,0.04,0.56,0.59,0
280,0.33,3.0,1.87,0.51,0.11,0
618,0.0,2.8,1.42,0.54,1.31,0
309,0.67,4.3,0.4,0.05,0.01,1
906,0.0,1.3,0.43,0.23,0.63,0
1507,0.0,4.4,1.86,0.03,0.55,0
538,0.33,2.9,1.91,0.01,0.84,0
1707,1.0,4.1,0.76,0.54,0.37,0
1745,0.33,3.5,1.13,0.2,0.36,0
1420,0.0,3.3,1.22,0.3,1.19,0
269,0.67,1.1,1.83,0.02,1.26,0
573,0.67,1.4,1.74,0.51,1.08,0
458,1.0,3.0,0.98,0.22,0.57,0
1325,1.0,2.1,1.3,0.06,1.18,0
1375,0.67,1.3,1.09,0.02,1.46,0
984,0.67,2.0,0.91,0.03,0.05,0
1971,0.0,4.6,0.54,0.44,0.01,0
1127,0.33,4.4,1.09,0.21,0.47,0
1990,0.33,3.3,0.66,0.6,0.02,0
118,1.0,4.2,0.39,0.15,1.17,0
1815,0.0,2.2,1.94,0.35,0.92,0
1508,0.67,2.4,1.17,0.56,0.61,0
306,0.67,2.6,1.38,0.55,0.93,0
368,1.0,1.9,1.58,0.11,1.22,0
1091,0.67,2.5,0.72,0.45,0.4,0
1743,0.0,4.5,0.17,0.37,0.91,0
1278,1.0,4.7,1.73,0.03,1.1,0
1728,0.0,3.4,0.47,0.19,1.23,0
1029,0.0,4.7,1.46,0.47,1.3,0
1436,0.67,2.4,1.81,0.26,0.22,0
183,0.33,1.4,1.49,0.52,0.14,0
894,0.0,4.9,1.36,0.06,1.26,0
996,0.33,3.3,0.15,0.13,0.27,0
1102,0.67,3.7,1.45,0.23,0.47,1
416,0.67,3.8,1.47,0.17,0.88,0
1136,0.67,3.1,0.36,0.53,1.13,0
843,0.0,3.0,0.74,0.25,0.66,0
571,0.0,1.1,0.69,0.09,0.1,0
1283,0.0,2.0,0.75,0.05,0.8,0
1435,0.67,1.9,1.41,0.04,0.68,0
1160,0.0,4.5,0.73,0.05,0.45,0
1962,0.67,4.8,1.74,0.5,0.41,0
825,1.0,3.3,0.64,0.59,0.97,0
912,0.0,4.9,1.76,0.47,1.28,0
1372,0.33,3.5,1.35,0.48,0.5,0
1359,0.67,4.2,0.08,0.17,0.23,1
540,0.0,3.5,0.96,0.49,0.15,0
563,1.0,3.2,0.67,0.32,0.04,0
988,0.67,4.8,0.73,0.3,0.4,0
1756,0.0,1.5,0.53,0.28,0.74,0
1982,0.67,1.5,1.97,0.55,0.95,0
1055,0.67,1.3,1.95,0.44,0.23,0
477,0.33,2.9,1.48,0.46,0.17,0
360,0.33,1.2,1.87,0.51,0.76,0
1286,0.67,3.0,0.98,0.31,0.95,0
557,0.67,2.5,0.2,0.04,0.4,0
1954,0.33,3.5,1.06,0.4,0.22,0
843,0.0,1.2,0.18,0.32,0.59,0
1084,0.0,4.7,1.33,0.47,0.63,0
1828,0.0,3.7,0.3,0.25,0.82,0
1880,0.67,4.7,1.74,0.48,1.49,0
28,0.33,4.0,1.09,0.47,1.18,0
785,1.0,1.4,1.28,0.42,0.57,0
641,0.33,4.2,0.55,0.05,0.95,0
1763,0.67,1.5,0.77,0.17,0.6,0
815,1.0,1.6,0.65,0.28,0.87,0
89,0.0,3.8,1.81,0.46,0.39,0
16,0.67,3.3,1.87,0.29,0.14,0
1662,1.0,3.1,0.28,0.16,0.35,0
262,0.0,4.0,1.2,0.47,0.5,0
1085,0.67,4.7,0.57,0.35,0.75,0
478,0.33,4.0,0.95,0.36,0.15,0
1050,0.33,1.4,0.27,0.4,0.98,0
1020,0.0,2.0,1.51,0.58,0.91,0
250,0.67,3.6,0.88,0.53,0.45,0
1488,1.0,3.2,0.11,0.17,1.22,0
1130,1.0,2.4,1.19,0.16,0.81,0
1408,0.67,2.2,1.03,0.42,0.1,0
1205,0.67,1.9,0.53,0.24,0.37,0
1601,0.0,3.3,0.85,0.31,0.22,0
1630,0.33,4.8,0.98,0.26,1.42,0
1592,0.67,1.2,0.08,0.37,0.08,0
140,0.33,4.1,0.92,0.13,0.02,0
168,0.33,4.7,0.53,0.3,0.39,0
1675,0.0,4.4,0.38,0.49,1.25,0
329,0.0,2.8,1.69,0.27,0.41,0
1499,0.0,4.8,0.06,0.2,1.01,0
316,1.0,1.6,0.44,0.47,0.61,0
1373,0.0,2.1,1.25,0.08,0.66,0
1698,1.0,4.1,1.72,0.14,0.3,1
301,1.0,2.8,1.09,0.09,0.97,0
726,0.33,3.5,1.86,0.45,0.04,0
1184,0.67,4.8,0.69,0.1,1.03,0
328,0.0,3.7,1.38,0.31,0.19,0
1867,0.0,3.2,1.61,0.25,0.87,0
982,0.67,1.0,1.94,0.3,0.81,0
1427,0.33,3.5,1.58,0.2,1.0,0
1115,0.67,2.1,1.21,0.33,1.23,0
1026,0.33,4.5,0.98,0.26,0.07,0
900,0.0,5.0,0.47,0.42,0.59,0
981,0.0,4.7,1.45,0.26,0.04,0
1249,0.33,2.5,0.31,0.0,0.23,0
1456,0.67,1.0,1.0,0.2,0.83,0
1595,0.0,2.2,1.71,0.38,0.58,0
442,0.67,4.3,0.6,0.51,0.21,0
1829,0.67,3.8,0.61,0.58,1.47,0
933,1.0,4.1,0.25,0.57,1.17,0
500,1.0,3.5,0.51,0.4,0.93,0
289,1.0,3.2,1.66,0.02,1.07,0
549,0.0,2.1,0.44,0.05,0.63,0
392,1.0,2.0,0.27,0.33,0.35,0
777,1.0,4.7,0.62,0.42,0.89,0
506,0.67,4.5,1.3,0.57,0.33,0
369,0.33,3.1,0.02,0.15,0.25,0
1989,0.33,1.8,1.97,0.14,0.93,0
115,0.33,4.4,0.12,0.46,0.49,0
1006,0.33,1.8,0.77,0.27,0.94,0
774,0.33,3.1,0.12,0.05,0.27,0
1645,0.67,2.9,0.72,0.14,1.38,0
397,0.0,4.3,1.82,0.52,1.49,0
387,0.67,3.7,0.72,0.08,1.23,0
994,0.0,2.1,0.96,0.59,0.42,0
804,0.0,2.8,0.68,0.53,0.52,0
1930,0.33,3.8,0.5,0.32,1.13,0
270,0.33,3.7,0.38,0.16,1.16,0
1956,0.67,1.7,1.41,0.08,1.5,0
1443,0.0,2.5,1.07,0.54,0.62,0
293,0.0,4.0,1.9,0.11,0.65,0
256,0.33,4.3,1.46,0.57,0.27,0
1783,0.67,3.1,0.19,0.41,0.33,0
1051,0.0,1.3,1.15,0.43,0.15,0
96,0.67,4.8,0.61,0.38,0.15,0
1863,0.33,1.9,1.76,0.45,1.12,0
1667,0.67,4.5,1.27,0.38,1.25,0
1528,0.67,2.7,1.05,0.34,0.99,0
1472,1.0,1.6,1.97,0.19,0.28,0
435,0.67,3.9,1.63,0.13,0.6,1
1019,0.67,2.6,1.36,0.14,0.41,0
1116,0.33,3.6,0.06,0.24,1.26,0
1041,0.67,3.4,1.44,0.08,1.01,0
1998,0.33,4.9,1.71,0.3,0.45,0
783,0.33,3.8,0.9,0.5,0.55,0
1062,0.67,4.2,1.14,0.54,0.01,0
1298,0.67,4.6,0.81,0.39,1.34,0
209,0.0,3.3,0.81,0.46,0.89,0
1809,0.0,3.9,0.89,0.43,0.23,0
935,0.0,3.6,0.9,0.18,0.91,0
1231,0.33,3.9,1.21,0.35,1.33,0
344,0.67,1.0,0.83,0.16,0.11,0
1652,1.0,1.3,0.86,0.06,0.56,0
323,0.67,3.5,0.96,0.45,1.5,0
629,0.33,4.3,1.71,0.36,0.39,0
414,0.33,4.7,0.83,0.1,1.0,0
64,1.0,1.8,1.21,0.2,0.74,0
1374,0.33,1.1,0.7,0.55,0.18,0
1598,0.33,1.5,1.68,0.5,0.75,0
1496,0.67,1.0,0.22,0.01,0.34,0
1866,1.0,4.0,1.44,0.55,1.22,0
642,0.0,4.6,0.6,0.53,1.29,0
1805,0.67,3.8,0.16,0.19,0.45,1
1458,0.67,3.8,0.88,0.24,0.91,0
389,0.0,3.5,0.8,0.58,0.1,0
217,1.0,2.0,1.21,0.58,0.34,0
628,0.33,1.4,1.71,0.45,0.14,0
2000,0.67,3.6,1.73,0.17,0.58,1
1439,1.0,4.2,1.01,0.23,0.91,0
1808,1.0,1.7,1.7,0.41,1.02,0
1267,0.33,4.8,1.49,0.27,0.13,0
441,1.0,2.6,1.58,0.07,0.04,0
1603,0.67,3.5,0.69,0.4,1.15,0
1447,0.0,3.3,0.78,0.39,1.25,0
1492,0.0,1.4,0.21,0.56,0.14,0
404,1.0,3.9,0.78,0.54,1.1,0
1350,0.33,1.0,1.76,0.17,1.01,0
68,1.0,5.0,0.67,0.57,0.19,0
271,0.33,1.3,1.74,0.47,0.29,0
1435,0.67,4.8,1.36,0.28,0.41,1
1952,0.67,1.4,1.97,0.52,1.25,0
1210,0.33,3.5,1.89,0.43,0.19,0
894,0.0,3.6,0.71,0.4,1.06,0
470,0.67,4.3,1.32,0.45,1.47,0
1080,1.0,4.3,0.98,0.56,0.99,0
1115,1.0,1.5,0.5,0.53,1.26,0
669,0.0,2.2,1.97,0.43,1.48,0
1704,0.33,3.1,1.18,0.59,1.4,0
360,1.0,1.1,1.01,0.37,1.23,0
109,0.33,1.4,0.88,0.56,0.81,0
922,0.33,2.6,1.25,0.04,0.61,0
48,0.33,3.5,0.76,0.03,0.6,0
1782,0.33,3.4,0.4,0.0,1.48,0
790,0.67,3.5,1.47,0.48,0.89,0
1886,1.0,3.0,1.58,0.19,1.14,0
788,0.0,1.4,1.71,0.01,0.91,0
437,0.67,4.8,1.21,0.44,1.18,0
1311,0.33,2.5,0.15,0.47,0.97,0
1740,0.0,2.3,0.58,0.5,0.95,0
1927,1.0,4.8,1.38,0.42,1.47,0
1884,1.0,5.0,0.54,0.28,0.09,1
1249,0.33,2.6,1.67,0.56,0.96,0
1908,0.67,4.4,1.82,0.22,0.64,1
1725,1.0,2.6,1.39,0.59,0.58,0
1620,0.0,2.1,0.44,0.17,1.04,0
952,1.0,2.6,1.25,0.39,1.02,0
215,0.67,2.1,0.41,0.46,1.06,0
1689,1.0,2.2,1.8,0.08,1.38,0
53,1.0,3.5,0.33,0.01,0.43,1
1681,0.33,3.9,1.31,0.57,1.28,0
1858,0.67,1.1,0.24,0.57,0.9,0
1393,0.0,3.1,0.81,0.02,0.55,0
1058,0.0,2.5,0.33,0.35,1.28,0
1243,0.67,2.1,1.04,0.48,1.48,0
973,0.0,1.1,0.97,0.27,1.35,0
303,0.33,2.4,0.35,0.58,0.2,0
1650,0.0,3.7,0.14,0.24,1.34,0
1179,1.0,4.8,1.49,0.4,1.02,0
1201,0.67,3.4,0.89,0.15,1.19,0
703,0.33,3.8,0.28,0.02,1.39,0
1069,1.0,2.2,0.63,0.21,0.48,0
1854,0.33,2.2,0.1,0.33,1.28,0
7,0.0,1.4,0.72,0.47,0.98,0
76,0.33,4.1,0.63,0.09,0.23,0
854,0.0,5.0,1.78,0.44,0.3,0
854,0.33,1.7,0.69,0.21,1.47,0
566,0.67,4.1,1.53,0.36,0.69,0
780,0.67,4.5,1.48,0.25,1.23,0
33,0.0,4.7,1.81,0.31,0.45,0
1390,0.33,4.1,1.21,0.56,1.04,0
1963,0.0,1.1,1.57,0.09,1.07,0
1607,0.33,2.4,0.54,0.55,0.58,0
104,0.67,2.2,0.16,0.03,0.48,0
1371,0.33,2.8,0.79,0.24,0.3,0
160,0.0,2.3,0.03,0.38,0.36,0
1235,0.33,2.1,1.99,0.58,0.65,0
1784,0.67,1.2,1.27,0.05,0.83,0
1922,0.67,3.6,0.8,0.57,1.45,0
1549,0.0,3.1,0.97,0.14,1.38,0
612,0.33,3.9,1.85,0.27,0.17,0
950,1.0,2.6,1.6,0.47,0.16,0
751,0.67,3.8,0.11,0.4,0.3,0
260,0.67,3.7,1.15,0.29,1.08,0
178,1.0,1.8,0.61,0.38,0.89,0
162,0.0,3.7,1.83,0.34,1.24,0
956,0.67,2.1,1.8,0.23,1.5,0
1714,0.0,1.7,1.51,0.15,1.45,0
1917,0.0,2.3,0.18,0.06,0.17,0
863,0.67,1.8,0.4,0.19,1.09,0
1917,0.67,2.5,0.52,0.54,0.77,0
1459,0.33,4.2,1.36,0.29,1.33,0
586,1.0,4.1,0.72,0.34,1.41,0
520,0.67,3.9,1.27,0.5,0.79,0
953,0.0,2.5,0.85,0.07,0.1,0
1228,0.67,4.2,0.72,0.26,0.36,1
1006,0.0,4.5,1.05,0.41,1.11,0
1944,0.33,4.2,0.2,0.23,1.16,0
1157,1.0,2.1,1.63,0.57,0.21,0
1129,0.33,1.6,1.68,0.32,0.42,0
560,0.0,1.9,0.03,0.48,0.49,0
853,0.0,2.1,0.02,0.21,0.37,0
1778,0.67,4.6,1.65,0.56,0.87,0
1860,0.67,4.4,1.14,0.16,1.1,0
1239,1.0,4.1,0.87,0.08,0.04,1
779,1.0,2.6,1.94,0.29,0.95,0
290,0.33,1.8,0.35,0.24,0.54,0
1333,0.0,3.3,0.37,0.02,1.21,0
1664,0.0,2.9,1.97,0.05,1.49,0
552,0.0,3.7,1.1,0.28,0.68,0
76,0.0,3.9,1.95,0.55,1.27,0
1139,1.0,2.5,1.85,0.4,0.34,0
1405,1.0,1.1,0.58,0.36,1.05,0
1781,0.67,1.3,0.2,0.4,0.18,0
862,1.0,2.8,0.61,0.42,1.43,0
1662,0.33,4.1,1.99,0.33,1.17,0
539,0.67,2.2,1.59,0.56,1.3,0
366,0.33,2.2,0.32,0.08,0.44,0
1855,0.33,1.4,0.6,0.18,1.42,0
1504,0.0,3.1,1.97,0.47,0.51,0
1824,0.0,1.6,0.18,0.34,0.98,0
126,0.0,3.2,0.58,0.1,0.06,0
1217,0.33,3.9,0.05,0.13,1.15,0
1051,0.67,2.9,1.42,0.14,1.37,0
708,1.0,4.0,1.77,0.28,0.7,1
537,0.0,1.0,1.78,0.08,0.33,0
1330,0.33,1.4,0.69,0.36,1.45,0
1988,0.33,2.7,0.95,0.23,0.17,0
1301,0.33,2.3,1.17,0.29,0.1,0
405,1.0,3.6,1.79,0.27,1.36,0
1041,0.67,1.5,1.25,0.3,0.99,0
348,0.0,4.4,0.62,0.41,0.55,0
999,0.67,2.3,0.95,0.57,0.69,0
1310,0.33,4.8,1.56,0.34,0.2,0
299,1.0,4.1,1.58,0.4,1.39,0
1673,1.0,2.0,0.92,0.45,0.72,0
1552,0.33,1.5,0.45,0.06,0.26,0
167,0.0,1.3,1.5,0.57,1.24,0
1521,1.0,3.1,1.47,0.09,1.32,0
1002,0.0,2.8,0.13,0.31,0.8,0
10,0.67,3.0,1.02,0.29,0.69,0
631,1.0,4.8,0.38,0.29,1.32,0
1797,1.0,4.8,1.34,0.54,0.81,0
14,0.33,2.2,1.68,0.41,1.04,0
37,0.0,3.6,1.79,0.33,0.48,0
1888,1.0,1.5,0.25,0.48,1.34,0
1436,0.67,3.1,1.01,0.29,1.23,0
573,0.0,3.3,0.25,0.54,0.2,0
1004,1.0,2.2,1.09,0.14,0.34,0
655,0.0,3.6,1.11,0.07,1.39,0
94,0.67,2.4,0.58,0.52,0.42,0
715,1.0,3.7,0.62,0.58,0.22,0
1223,0.33,2.9,1.97,0.45,0.8,0
714,1.0,1.7,0.85,0.59,0.2,0
946,1.0,3.6,1.39,0.45,0.84,0
1132,0.33,1.5,1.32,0.53,0.31,0
1699,0.67,3.6,0.15,0.59,1.08,0
1829,0.67,2.1,1.6,0.48,0.13,0
1703,0.67,2.2,0.55,0.5,0.47,0
1082,1.0,4.1,1.61,0.42,0.22,0
1398,1.0,4.6,1.01,0.51,1.31,0
1032,0.33,3.6,0.51,0.36,0.42,0
963,0.0,4.3,1.72,0.09,0.11,0
1434,1.0,3.9,1.14,0.33,0.36,0
1722,0.67,1.6,1.4,0.14,1.38,0
253,0.33,3.6,0.91,0.09,1.17,0
463,0.0,2.5,1.13,0.07,0.08,0
1053,0.67,5.0,1.37,0.08,1.37,0
1248,0.67,3.8,0.78,0.02,0.2,1
484,0.33,4.0,1.88,0.37,1.35,0
549,0.33,2.6,0.95,0.24,1.01,0
613,0.0,2.6,0.26,0.36,0.81,0
469,0.33,3.4,1.09,0.25,0.64,0
365,0.0,2.4,0.02,0.34,1.25,0
1602,1.0,4.9,1.71,0.55,0.01,0
1813,0.33,2.7,0.65,0.04,1.25,0
1054,0.67,4.2,1.07,0.44,1.44,0
536,0.0,2.2,0.74,0.33,1.31,0
857,0.0,1.1,1.93,0.44,0.42,0
522,1.0,3.7,1.12,0.39,1.05,0
395,0.33,2.0,1.34,0.49,0.75,0
1353,0.33,1.7,1.22,0.38,0.01,0
587,0.33,4.5,1.15,0.56,0.36,0
1709,1.0,1.9,0.3,0.55,0.64,0
1909,0.0,4.0,1.43,0.01,1.23,0
769,0.0,3.3,0.28,0.22,1.2,0
933,0.67,4.8,0.3,0.38,0.18,0
816,0.0,1.7,0.96,0.55,0.26,0
1802,0.67,4.5,1.57,0.34,0.53,0
217,1.0,1.5,0.42,0.09,1.44,0
865,0.33,4.7,0.92,0.37,1.28,0
1643,1.0,2.8,1.86,0.54,0.9,0
732,0.0,3.5,0.0,0.48,1.36,0
1028,0.0,2.7,1.05,0.14,0.38,0
1927,0.33,4.7,0.95,0.47,1.04,0
990,0.33,4.8,0.8,0.33,0.22,0
1192,0.0,3.5,0.07,0.54,0.35,0
220,0.67,2.6,0.95,0.21,1.31,0
1172,0.0,3.2,1.12,0.4,0.2,0
652,0.33,1.9,1.55,0.25,1.42,0
1406,1.0,4.1,0.44,0.31,0.53,0
1978,1.0,2.2,0.49,0.55,0.52,0
1326,0.33,3.2,0.05,0.24,1.27,0
321,0.0,1.2,1.7,0.31,0.76,0
1820,0.67,3.8,0.22,0.33,1.21,0
1904,0.33,1.2,0.65,0.36,0.87,0
868,0.67,1.8,1.76,0.52,0.5,0
708,0.67,3.3,0.62,0.04,1.28,0
945,0.33,1.5,0.75,0.22,1.42,0
426,0.33,3.2,1.26,0.42,0.3,0
1061,0.67,2.0,1.79,0.17,1.22,0
810,1.0,2.9,0.14,0.32,1.12,0
1799,1.0,4.1,0.48,0.22,0.75,1
1618,0.0,3.9,1.5,0.08,1.12,0
1236,0.0,2.7,0.6,0.41,0.94,0
1842,0.33,4.5,1.36,0.55,0.88,0
1702,0.0,4.2,1.64,0.36,1.25,0
53,0.33,4.6,1.47,0.43,1.24,0
1264,0.0,2.9,1.46,0.19,0.28,0
225,0.0,1.7,0.82,0.58,1.26,0
734,0.0,4.0,0.31,0.11,0.86,0
1893,0.0,4.1,1.02,0.22,1.07,0
1611,0.67,1.2,1.57,0.24,0.52,0
964,0.0,3.2,1.11,0.31,1.03,0
236,0.0,1.7,0.21,0.52,1.07,0
600,0.67,2.0,0.29,0.49,1.03,0
182,0.33,4.9,1.89,0.05,1.15,0
297,0.33,1.8,0.95,0.15,0.43,0
1705,1.0,4.5,0.68,0.07,1.22,0
962,1.0,3.0,0.81,0.04,1.49,0
1338,0.0,2.5,1.81,0.06,1.15,0
1167,0.0,4.4,1.53,0.04,0.63,0
852,0.67,1.7,0.59,0.02,0.32,0
679,0.67,3.3,1.8,0.06,0.24,0
93,0.33,4.3,1.48,0.04,0.66,0
981,1.0,3.0,1.04,0.57,1.24,0
1285,0.67,3.8,1.35,0.01,0.67,1
1197,0.67,2.1,0.61,0.2,1.18,0
1803,0.67,2.7,0.32,0.41,1.06,0
1744,1.0,4.1,1.05,0.05,0.42,1
1704,0.67,5.0,0.96,0.23,0.34,1
1625,0.33,4.1,0.81,0.44,0.22,0
1956,0.0,1.0,0.57,0.43,1.1,0
1690,0.33,4.0,0.39,0.59,1.21,0
1334,0.0,4.4,0.65,0.6,1.21,0
1599,0.67,1.8,1.85,0.05,1.35,0
50,0.0,4.2,1.26,0.21,1.25,0
282,0.67,3.6,0.46,0.3,1.44,0
1119,1.0,1.8,0.31,0.1,1.24,0
1925,1.0,2.0,0.51,0.22,0.27,0
12,0.0,4.8,1.24,0.34,0.88,0
1682,0.33,1.8,0.14,0.22,1.01,0
1075,0.33,4.0,1.0,0.26,0.37,0
1198,0.67,4.6,0.88,0.42,0.45,0
503,0.67,3.0,0.08,0.19,0.08,0
1050,1.0,3.3,1.56,0.26,0.59,0
1446,1.0,2.4,1.72,0.56,1.36,0
1407,0.33,4.1,0.23,0.27,0.52,0
1283,0.67,2.3,1.75,0.04,0.43,0
1877,0.33,3.7,1.86,0.19,0.17,0
1747,0.33,4.7,1.15,0.33,1.49,0
336,0.0,2.2,0.1,0.39,0.76,0
932,0.67,4.2,1.87,0.49,0.79,0
702,0.33,3.2,0.41,0.39,1.09,0
1461,0.0,4.8,0.62,0.53,0.77,0
1512,0.67,2.2,0.89,0.19,1.44,0
1843,0.0,1.4,1.74,0.2,1.07,0
962,0.67,1.4,0.22,0.43,1.11,0
154,0.67,1.5,1.22,0.15,0.73,0
1784,0.0,4.3,0.93,0.21,1.04,0
661,1.0,2.5,1.42,0.18,0.72,0
1666,0.67,4.1,0.4,0.26,0.44,1
1519,0.0,4.3,0.44,0.41,0.49,0
851,1.0,2.0,0.02,0.24,1.28,0
1960,0.33,1.2,0.84,0.37,1.31,0
1681,0.67,3.6,0.05,0.08,0.19,1
1567,0.0,3.9,0.24,0.54,0.19,0
1194,0.33,1.2,1.25,0.02,0.29,0
1390,0.0,3.2,0.99,0.21,1.25,0
832,1.0,3.6,0.51,0.25,1.11,0
1111,0.0,4.4,1.03,0.58,0.47,0
28,1.0,2.8,0.88,0.29,0.44,0
1957,0.67,1.3,1.17,0.59,0.08,0
302,0.33,4.3,0.95,0.55,0.21,0
78,0.0,2.9,0.56,0.47,0.36,0
1282,1.0,1.8,1.06,0.48,0.3,0
772,0.0,4.3,1.06,0.2,0.9,0
42,0.67,3.9,1.63,0.32,1.46,0
1735,1.0,1.3,1.39,0.49,0.73,0
1102,0.0,1.3,1.29,0.08,0.84,0
41,0.33,3.8,1.7,0.42,1.34,0
98,0.0,1.8,0.2,0.55,0.86,0
1818,0.33,3.2,0.81,0.5,1.39,0
136,1.0,4.5,0.59,0.45,1.31,0
941,0.67,2.9,1.08,0.3,0.25,0
1564,1.0,1.0,1.08,0.38,0.69,0
776,1.0,2.2,1.96,0.39,1.11,0
924,0.67,3.0,0.97,0.42,0.18,0
767,1.0,1.7,0.9,0.0,1.07,0
650,0.33,4.5,1.9,0.13,0.67,0
919,0.0,3.8,1.5,0.27,0.5,0
16,0.33,2.1,1.27,0.06,0.44,0
1057,0.33,3.6,0.38,0.57,1.0,0
889,0.33,1.3,1.97,0.07,0.26,0
673,0.0,1.2,0.97,0.52,1.06,0
814,0.33,2.5,0.29,0.58,1.34,0
1555,0.0,2.1,1.2,0.33,1.19,0
614,0.0,2.7,1.29,0.25,1.01,0
119,1.0,2.0,0.56,0.07,1.0,0
942,0.33,1.3,0.3,0.37,1.04,0
374,0.0,1.3,1.51,0.37,0.61,0
1763,0.33,1.5,1.43,0.1,1.29,0
1850,0.0,1.1,1.73,0.18,0.28,0
274,0.67,2.8,0.3,0.1,0.09,0
1278,0.33,1.2,0.81,0.58,0.45,0
1066,0.0,4.5,1.98,0.21,0.65,0
467,0.0,2.1,0.85,0.02,0.46,0
1712,0.67,1.8,0.05,0.39,0.62,0
199,0.33,4.9,1.02,0.43,0.56,0
1859,0.0,1.9,0.48,0.2,0.22,0
624,0.67,1.3,0.39,0.21,1.37,0
1731,0.0,2.2,0.48,0.09,0.62,0
282,0.0,2.9,1.99,0.04,1.18,0
1880,0.0,2.3,1.55,0.53,0.07,0
1742,0.0,4.8,1.99,0.4,0.33,0
1182,0.33,1.5,0.21,0.02,1.08,0
387,0.33,1.1,0.09,0.29,0.22,0
412,0.33,4.8,0.97,0.31,1.37,0
1291,1.0,4.5,1.46,0.45,0.37,0
820,0.67,2.1,1.44,0.37,1.13,0
187,0.0,3.9,1.62,0.01,1.43,0
1571,1.0,2.7,0.14,0.6,1.28,0
1259,0.0,3.8,0.79,0.05,0.4,0
535,0.67,3.6,1.1,0.35,0.54,0
460,0.0,4.2,1.35,0.27,1.02,0
642,0.0,2.1,0.16,0.29,0.62,0
551,1.0,2.6,0.28,0.23,0.92,0
1692,0.0,1.2,1.48,0.45,0.73,0
28,0.0,2.5,1.27,0.14,1.27,0
336,1.0,3.8,1.34,0.31,0.03,0
1991,0.0,3.0,1.01,0.1,0.77,0
53,0.33,4.4,1.4,0.02,0.63,0
1253,0.33,3.2,0.84,0.32,0.03,0
1923,1.0,4.3,0.14,0.15,0.05,1
747,0.67,2.0,0.58,0.55,0.75,0
416,0.67,2.3,1.65,0.29,0.37,0
875,0.67,4.7,0.58,0.19,0.88,0
1456,1.0,4.5,0.47,0.15,0.37,1
1464,0.67,4.0,0.9,0.12,1.11,0
824,0.67,4.6,1.67,0.55,0.43,0
309,0.67,1.6,1.53,0.46,1.22,0
1864,0.67,3.7,0.64,0.05,0.09,1
1618,1.0,4.3,0.9,0.45,0.51,0
1966,0.33,1.5,0.52,0.4,1.25,0
1262,1.0,1.6,1.93,0.4,0.01,0
1280,0.67,3.5,0.04,0.04,1.08,0
30,0.67,2.5,0.49,0.56,0.64,0
3,0.33,4.6,0.53,0.35,0.16,0
136,1.0,2.2,0.03,0.19,0.5,0
1031,1.0,4.6,0.91,0.38,1.28,0
1088,0.33,1.1,0.92,0.01,0.09,0
965,1.0,2.9,0.23,0.17,0.16,0
877,0.67,2.9,1.05,0.47,0.91,0
75,0.0,2.2,0.57,0.58,0.96,0
508,0.33,3.9,1.85,0.13,0.1,0
714,0.33,4.9,0.28,0.4,1.29,0
235,0.33,4.2,1.65,0.53,1.16,0
1423,0.33,2.8,1.74,0.55,1.05,0
798,0.0,1.9,1.84,0.43,1.05,0
836,0.33,1.9,1.18,0.09,0.87,0
275,0.33,2.5,1.73,0.3,0.93,0
8,0.67,1.9,1.98,0.35,0.95,0
687,1.0,3.3,0.37,0.43,1.3,0
205,1.0,3.5,0.62,0.51,1.22,0
970,0.67,4.3,1.04,0.41,0.25,0
100,0.33,4.2,0.21,0.55,0.79,0
459,0.33,1.3,1.42,0.33,0.8,0
1022,0.67,1.9,0.32,0.29,0.67,0
82,0.0,2.7,0.85,0.23,0.13,0
950,0.67,1.4,1.17,0.43,1.15,0
1552,0.67,4.2,1.19,0.25,1.09,0
137,0.67,1.7,1.33,0.48,0.28,0
427,0.67,1.4,0.8,0.09,0.64,0
1916,0.33,1.0,0.51,0.19,0.19,0
1488,0.33,2.0,1.81,0.39,1.22,0
740,0.67,3.8,0.49,0.31,1.03,0
1928,0.0,4.7,0.09,0.11,1.11,0
1597,0.0,2.5,1.55,0.04,0.9,0
1648,0.0,3.8,0.01,0.24,0.58,0
1107,0.67,3.4,1.65,0.56,0.67,0
984,1.0,4.7,1.95,0.25,0.69,1
1443,0.33,2.6,0.9,0.05,0.62,0
1,0.67,1.9,0.79,0.29,0.36,0
1376,0.33,1.4,1.68,0.54,1.03,0
1114,0.67,1.2,0.1,0.02,1.42,0
446,0.0,2.0,0.15,0.0,1.47,0
1459,0.0,4.7,0.7,0.5,0.7,0
686,0.33,3.7,0.21,0.41,0.21,0
1505,0.33,2.2,0.71,0.59,1.35,0
1596,0.67,4.2,0.9,0.42,0.8,0
302,0.33,2.3,1.82,0.34,0.24,0
899,0.33,3.5,0.68,0.1,0.94,0
1540,0.0,4.0,0.5,0.35,0.13,0
1410,0.67,1.5,0.35,0.59,0.3,0
144,0.67,2.5,0.65,0.6,0.86,0
1534,0.67,2.3,0.66,0.18,0.35,0
755,0.67,2.9,1.5,0.27,0.43,0
312,0.0,3.0,1.15,0.13,1.15,0
1825,0.67,4.2,0.39,0.6,0.44,0
822,1.0,4.8,1.97,0.07,0.83,0
1861,0.67,1.6,0.1,0.56,0.59,0
1199,1.0,2.4,0.16,0.54,1.03,0
1666,1.0,2.5,0.93,0.51,0.51,0
973,0.33,4.9,1.17,0.44,0.37,0
956,0.0,4.1,1.46,0.05,0.14,0
1298,0.33,1.0,0.56,0.14,1.22,0
1862,1.0,5.0,0.82,0.59,0.67,0
271,0.0,1.1,0.26,0.31,1.11,0
732,0.0,3.1,1.23,0.41,0.96,0
1344,0.33,3.8,1.76,0.3,0.82,0
1571,0.0,1.6,1.29,0.53,0.61,0
1776,0.67,4.1,1.86,0.14,0.14,1
1730,1.0,1.5,0.31,0.27,0.51,0
1143,0.33,3.0,1.19,0.28,1.1,0
394,1.0,4.8,0.99,0.5,0.24,0
321,1.0,3.5,0.32,0.33,0.36,0
1770,0.67,1.4,1.8,0.55,0.72,0
322,0.0,2.2,1.17,0.09,0.28,0
85,0.0,4.4,1.15,0.57,0.47,0
219,0.33,5.0,1.67,0.35,0.93,0
401,0.0,4.1,0.96,0.02,0.94,0
1747,0.33,2.3,0.12,0.12,0.88,0
1225,0.0,3.5,1.7,0.25,1.47,0
1991,0.67,3.7,0.23,0.04,0.2,1
215,0.33,1.8,1.96,0.32,0.56,0
1177,0.33,3.5,0.08,0.52,0.69,0
1643,1.0,1.8,1.24,0.46,1.48,0
249,0.33,2.2,0.8,0.48,0.4,0
1432,0.33,2.9,0.01,0.2,0.87,0
279,0.33,3.3,1.49,0.18,0.83,0
1065,0.33,4.9,1.46,0.52,1.03,0
1721,1.0,4.6,1.28,0.47,0.93,0
450,1.0,3.3,1.34,0.15,1.43,0
1956,0.67,4.5,0.69,0.57,0.55,0
1014,0.33,2.5,1.52,0.41,1.37,0
117,0.33,3.1,1.86,0.55,1.35,0
1810,0.0,4.8,1.57,0.25,1.39,0
852,1.0,4.6,0.17,0.36,0.94,0
516,1.0,2.8,1.87,0.29,0.45,0
74,0.33,3.5,1.05,0.16,1.12,0
518,1.0,2.3,0.17,0.17,0.48,0
627,1.0,3.5,0.38,0.39,0.42,0
1154,1.0,2.1,1.19,0.56,0.88,0
1778,0.33,3.2,0.64,0.55,0.58,0
361,0.67,2.6,1.28,0.46,1.44,0
172,0.33,2.5,0.84,0.38,0.3,0
1510,0.33,4.4,0.98,0.12,1.16,0
578,0.67,1.1,1.35,0.05,1.01,0
783,1.0,2.2,0.05,0.4,0.42,0
1304,0.67,1.1,0.61,0.32,0.8,0
1748,1.0,3.2,1.86,0.41,1.04,0
1315,0.0,3.8,1.56,0.06,0.72,0
252,0.67,3.9,1.61,0.59,0.03,0
1675,0.0,4.0,0.61,0.08,0.13,0
1380,0.33,2.7,1.0,0.22,1.17,0
437,1.0,2.6,1.13,0.03,0.88,0
270,0.33,2.2,0.01,0.14,0.73,0
1453,0.0,1.4,0.6,0.19,0.47,0
1742,1.0,1.1,1.51,0.05,1.01,0
332,0.0,4.4,1.02,0.08,0.31,0
1424,1.0,4.3,0.06,0.55,0.03,0
735,0.33,3.5,0.8,0.31,1.16,0
1501,1.0,1.1,0.6,0.57,1.22,0
1090,0.0,1.6,1.95,0.48,1.27,0
100,0.67,1.1,0.39,0.16,0.05,0
354,0.0,2.4,1.84,0.44,1.45,0
1562,1.0,2.2,0.27,0.49,1.39,0
1757,1.0,5.0,1.22,0.43,1.02,0
302,0.0,5.0,1.12,0.03,1.15,0
337,1.0,2.1,0.84,0.04,0.65,0
832,0.67,1.9,0.13,0.19,0.13,0
1885,0.67,4.1,1.06,0.2,0.77,1
651,0.0,1.4,0.57,0.45,1.16,0
1421,1.0,2.2,0.25,0.39,0.11,0
1065,0.67,1.6,1.5,0.2,1.23,0
317,0.0,1.1,1.52,0.45,0.39,0
501,0.0,3.6,1.76,0.11,0.53,0
149,0.33,4.8,0.85,0.49,0.6,0
1011,1.0,2.0,1.61,0.19,0.85,0
1450,0.67,4.5,1.57,0.56,0.62,0
1670,0.0,4.9,0.92,0.58,0.19,0
243,0.67,1.4,0.98,0.26,0.52,0
639,0.33,3.2,1.78,0.27,0.21,0
1759,0.0,4.0,0.47,0.47,1.36,0
603,0.67,1.7,1.27,0.28,0.52,0
1230,0.67,3.1,0.96,0.49,1.44,0
160,0.67,3.6,0.72,0.35,0.44,0
1632,0.0,2.7,1.31,0.01,1.09,0
1538,1.0,3.0,1.52,0.46,0.13,0
557,0.33,2.5,0.05,0.25,1.05,0
859,0.0,1.4,0.33,0.06,0.62,0
472,0.0,1.7,0.66,0.22,1.31,0
1773,0.0,4.1,0.38,0.26,1.08,0
1567,0.0,2.7,0.66,0.07,0.04,0
1765,1.0,1.7,1.67,0.42,0.06,0
1545,0.0,3.2,0.89,0.4,0.89,0
612,1.0,1.6,0.3,0.57,0.98,0
1031,0.33,4.9,0.59,0.3,0.91,0
1721,0.0,1.7,0.96,0.36,0.71,0
1154,0.0,2.6,0.43,0.34,1.45,0
38,0.0,4.2,1.12,0.24,0.56,0
690,0.67,4.7,0.37,0.28,0.22,1
121,0.0,2.8,1.57,0.44,0.1,0
1521,0.33,1.4,0.52,0.19,0.55,0
1192,0.67,1.0,1.45,0.15,1.18,0
789,0.67,2.5,0.35,0.5,1.07,0
933,0.67,3.0,1.25,0.59,1.35,0
1171,0.67,4.0,0.4,0.15,0.58,1
846,1.0,1.0,1.7,0.51,0.45,0
10,0.33,4.1,1.87,0.57,0.03,0
1188,0.67,2.0,1.56,0.08,0.92,0
758,0.33,2.8,1.85,0.26,1.21,0
1157,1.0,1.9,1.68,0.29,0.7,0
1331,0.33,4.7,0.45,0.26,0.23,0
1786,0.33,4.9,0.13,0.17,1.32,0
1892,0.33,4.1,0.58,0.43,1.06,0
438,0.0,2.2,1.7,0.04,1.38,0
1845,0.67,5.0,1.36,0.46,1.26,0
1027,0.67,3.2,1.06,0.36,0.25,0
694,0.0,4.2,0.38,0.53,0.91,0
948,0.0,4.2,1.66,0.5,0.73,0
539,1.0,3.6,0.75,0.39,0.88,0
609,0.67,4.0,0.82,0.27,1.06,0
825,1.0,4.9,0.07,0.45,0.85,0
804,0.0,3.7,1.4,0.09,0.61,0
427,0.33,4.1,1.77,0.52,0.14,0
30,0.33,1.4,1.44,0.54,0.87,0
1650,0.0,4.9,0.89,0.32,1.04,0
239,0.33,4.6,0.56,0.06,0.78,0
1135,1.0,4.7,0.18,0.3,1.49,0
336,0.67,1.8,0.2,0.12,0.16,0
188,0.0,1.3,0.12,0.38,1.0,0
385,0.67,1.6,1.99,0.12,1.02,0
1397,0.33,2.7,1.13,0.03,1.08,0
668,0.0,4.0,1.66,0.44,0.37,0
31,1.0,2.1,0.82,0.58,1.06,0
690,1.0,3.2,0.27,0.07,1.03,0
429,1.0,3.2,0.92,0.48,1.19,0
774,0.0,3.4,0.77,0.55,1.42,0
1403,0.33,3.9,0.87,0.35,0.53,0
1367,0.33,1.7,0.97,0.13,0.52,0
1887,0.0,3.0,1.33,0.46,0.84,0
761,0.0,2.1,1.07,0.34,0.38,0
156,0.33,1.9,0.84,0.54,1.46,0
1024,1.0,4.8,1.65,0.48,1.4,0
1608,0.0,3.9,1.9,0.57,0.91,0
1813,1.0,2.0,1.52,0.42,1.45,0
359,0.33,4.3,1.62,0.53,0.42,0
837,0.0,1.9,0.83,0.31,0.15,0
1790,0.0,2.9,0.05,0.49,0.88,0
697,1.0,3.9,1.78,0.34,0.89,0
186,0.0,1.5,1.43,0.21,1.5,0
164,1.0,2.8,0.44,0.1,1.14,0
635,1.0,3.8,0.33,0.28,1.44,0
1907,0.33,4.1,1.13,0.14,1.25,0
1694,0.0,3.9,1.59,0.51,0.18,0
1667,0.33,4.9,1.21,0.52,1.46,0
520,0.33,4.0,1.64,0.45,0.7,0
39,0.67,3.5,1.59,0.34,1.07,0
1961,1.0,1.9,0.42,0.53,1.1,0
455,0.33,4.3,1.94,0.32,0.26,0
761,0.0,2.4,0.5,0.49,0.85,0
979,0.0,3.0,0.57,0.52,0.75,0
1577,0.33,4.4,1.49,0.24,1.16,0
1602,0.0,4.5,0.36,0.16,1.39,0
14,1.0,1.5,0.27,0.16,0.0,0
1910,0.67,5.0,0.09,0.0,0.76,1
184,1.0,1.9,0.56,0.07,0.59,0
555,1.0,1.0,0.11,0.15,0.81,0
409,0.67,1.9,0.89,0.43,1.02,0
888,1.0,2.5,0.96,0.16,0.46,0
1680,0.0,3.8,0.03,0.09,0.98,0
75,0.0,3.1,0.86,0.0,0.63,0
1456,0.67,3.7,0.57,0.29,1.1,0
521,0.33,4.2,0.66,0.27,1.29,0
1808,1.0,1.6,0.73,0.46,0.11,0
367,0.0,3.6,1.85,0.08,0.97,0
705,0.33,3.5,0.94,0.1,0.05,0
166,0.0,3.9,0.95,0.43,1.23,0
1604,0.67,4.9,1.91,0.34,0.37,0
1860,0.33,3.3,1.08,0.24,1.08,0
1875,1.0,1.9,0.41,0.29,1.11,0
1602,0.33,3.8,1.2,0.49,0.88,0
666,1.0,1.4,0.71,0.59,0.95,0
55,0.67,2.7,0.53,0.28,0.65,0
1834,1.0,3.7,0.43,0.46,0.66,0
410,0.33,3.4,1.91,0.03,0.19,0
1379,0.33,1.9,0.42,0.45,0.57,0
1464,0.67,3.5,0.59,0.43,1.42,0
253,0.0,4.7,1.44,0.12,1.17,0
952,1.0,2.7,0.59,0.12,0.93,0
1245,0.0,1.3,0.18,0.03,1.41,0
1352,0.33,3.4,1.7,0.16,1.12,0
1462,0.33,2.1,0.58,0.19,0.5,0
1137,0.67,3.7,0.38,0.58,0.85,0
1504,1.0,4.2,1.36,0.04,1.18,0
1481,1.0,4.6,0.99,0.18,0.18,1
1040,1.0,3.3,1.46,0.38,0.86,0
1029,0.0,4.7,0.66,0.36,0.7,0
824,0.0,1.1,1.7,0.06,0.28,0
969,0.33,3.2,1.21,0.58,1.28,0
688,0.67,3.5,1.88,0.26,0.45,1
1179,0.67,1.9,0.46,0.13,0.27,0
1354,0.0,2.7,0.97,0.24,0.45,0
1494,0.0,1.3,0.18,0.03,0.67,0
771,0.67,4.4,1.16,0.04,0.33,1
1061,1.0,4.9,0.36,0.2,1.1,0
1614,0.33,3.9,1.75,0.53,1.01,0
1669,0.67,4.1,1.05,0.28,0.67,1
799,0.67,1.8,1.51,0.58,1.07,0
1149,1.0,1.1,1.42,0.56,1.4,0
409,0.0,4.6,0.69,0.19,0.41,0
314,0.0,2.0,0.42,0.41,1.12,0
1485,0.0,1.4,1.15,0.36,0.46,0
893,0.0,3.8,0.87,0.21,0.38,0
1441,0.33,1.1,1.25,0.06,1.46,0
1965,1.0,3.6,1.24,0.34,0.65,0
791,0.0,2.7,1.24,0.13,1.48,0
29,1.0,4.8,1.63,0.1,0.19,1
1374,1.0,3.8,0.51,0.25,0.07,1
1939,0.0,3.3,1.43,0.12,0.78,0
986,0.0,4.5,0.12,0.01,0.04,0
1729,0.0,2.3,0.73,0.11,0.21,0
24,0.0,3.6,1.16,0.52,0.96,0
794,0.0,3.7,1.08,0.13,1.09,0
1823,0.33,2.0,1.78,0.35,1.47,0
289,0.33,1.3,1.75,0.49,1.05,0
433,0.33,2.2,1.5,0.46,1.4,0
1828,1.0,3.2,0.45,0.25,0.1,0
1302,0.67,3.8,0.54,0.6,0.63,0
109,0.33,1.5,0.04,0.32,0.15,0
1155,0.0,3.5,0.5,0.44,1.21,0
1119,0.33,4.0,0.5,0.28,1.5,0
1009,0.0,2.6,1.39,0.02,0.86,0
1352,1.0,3.7,0.38,0.27,0.42,1
1111,0.67,3.2,1.5,0.18,0.9,0
970,0.67,5.0,1.59,0.04,1.42,0
729,0.0,5.0,1.87,0.19,1.02,0
569,0.0,1.9,1.76,0.42,0.61,0
253,1.0,2.7,0.4,0.35,0.4,0
461,1.0,3.0,1.35,0.48,0.88,0
1539,0.0,4.6,1.14,0.09,0.38,0
1651,0.67,3.3,0.02,0.47,0.54,0
429,0.33,2.2,1.64,0.24,0.08,0
1193,0.67,3.8,1.55,0.1,1.4,0
682,0.0,4.0,1.73,0.08,1.01,0
1967,0.33,1.0,1.63,0.46,0.51,0
983,0.67,3.8,1.2,0.54,0.05,0
917,1.0,2.9,0.94,0.35,0.84,0
536,0.0,3.4,0.01,0.39,0.67,0
169,0.33,4.6,0.42,0.1,0.97,0
1077,0.0,4.4,1.94,0.16,1.11,0
503,0.33,2.3,0.64,0.49,0.44,0
259,0.67,3.9,1.41,0.47,1.0,0
482,0.33,2.3,1.0,0.01,0.38,0
201,1.0,4.7,1.21,0.49,0.24,0
1225,1.0,2.3,0.1,0.06,0.93,0
539,0.33,1.9,1.73,0.14,1.34,0
1522,0.67,2.1,0.44,0.57,0.54,0
18,1.0,1.4,0.64,0.49,0.57,0
1697,1.0,1.7,0.75,0.43,0.43,0
725,0.0,3.4,0.87,0.58,1.47,0
1440,1.0,1.7,0.49,0.48,1.3,0
1578,0.67,1.6,0.35,0.55,1.48,0
1462,1.0,3.8,1.09,0.19,0.05,1
599,1.0,2.4,1.35,0.11,0.65,0
1446,0.67,2.5,0.9,0.41,1.39,0
345,0.0,4.3,0.18,0.53,0.26,0
1304,1.0,1.4,1.62,0.49,1.5,0
453,1.0,3.0,0.71,0.38,0.53,0
116,0.0,1.5,1.0,0.54,0.76,0
242,0.0,4.2,1.06,0.18,0.03,0
432,0.67,2.1,0.75,0.2,0.41,0
1612,0.0,2.1,1.14,0.44,0.47,0
101,1.0,4.5,0.97,0.41,0.47,0
1788,0.0,2.3,0.97,0.3,0.13,0
186,0.0,3.2,1.29,0.37,0.56,0
1341,0.33,3.2,1.03,0.54,0.6,0
1097,0.33,1.3,0.21,0.07,1.0,0
651,0.33,3.2,0.23,0.34,1.49,0
414,1.0,3.8,0.62,0.54,0.79,0
1188,0.0,1.9,1.5,0.2,0.62,0
1352,0.0,2.1,1.59,0.29,1.07,0
911,0.67,2.9,0.46,0.36,0.72,0
727,1.0,1.1,0.43,0.13,0.64,0
518,0.67,4.7,1.31,0.11,0.98,0
1759,1.0,3.5,0.91,0.35,0.82,0
527,0.0,3.6,0.58,0.18,0.59,0
1000,0.67,3.4,0.95,0.55,1.04,0
1036,0.33,2.0,0.3,0.5,0.49,0
360,1.0,4.1,1.61,0.57,0.46,0
1041,1.0,1.3,1.14,0.2,1.29,0
1651,1.0,3.8,1.14,0.57,0.84,0
304,0.67,4.7,0.15,0.21,0.22,1
146,0.33,1.0,1.68,0.39,1.03,0
1901,1.0,3.2,0.98,0.55,1.08,0
114,1.0,3.6,0.36,0.26,0.62,1
1440,0.33,2.4,0.46,0.16,1.22,0
1393,0.33,4.3,1.36,0.01,0.48,0
829,0.33,4.2,0.65,0.42,0.42,0
1209,0.67,3.5,0.56,0.01,1.16,0
1224,0.0,4.9,1.23,0.48,0.25,0
1110,0.33,4.3,1.07,0.03,1.46,0
1523,1.0,2.1,0.19,0.09,0.77,0
558,0.33,3.1,1.51,0.36,1.17,0
1646,1.0,2.0,1.92,0.33,0.44,0
659,0.0,2.8,0.23,0.23,0.6,0
1388,0.0,2.4,1.47,0.45,1.04,0
762,0.33,4.0,1.31,0.46,0.47,0
1285,0.33,4.2,1.62,0.41,0.19,0
914,0.33,2.0,0.71,0.01,1.38,0
889,0.33,4.8,1.98,0.17,1.27,0
1498,0.33,3.0,0.03,0.57,0.95,0
1774,0.0,1.8,0.48,0.38,1.25,0
570,1.0,3.4,1.18,0.14,1.05,0
940,1.0,1.5,0.62,0.44,0.99,0
1983,0.67,4.1,0.22,0.35,0.33,0
1188,0.0,3.8,0.57,0.3,1.25,0
380,0.0,4.1,1.58,0.17,0.93,0
363,1.0,1.7,1.91,0.2,0.19,0
638,0.0,2.4,0.72,0.2,0.74,0
1346,0.0,1.2,1.92,0.05,1.09,0
1200,0.67,4.6,0.02,0.08,0.82,0
145,0.0,1.4,0.91,0.33,0.99,0
1149,1.0,3.3,1.27,0.52,0.18,0
1346,1.0,3.3,0.25,0.15,1.44,0
1523,0.67,1.0,1.53,0.56,1.03,0
1673,1.0,4.5,1.83,0.04,1.43,0
1823,0.0,3.9,0.39,0.01,0.12,0
102,0.33,1.8,1.87,0.41,0.69,0
163,0.0,3.7,1.5,0.09,1.48,0
1081,0.0,1.9,1.71,0.36,1.27,0
1910,0.67,1.9,1.54,0.02,0.83,0
1129,0.0,2.5,0.63,0.58,1.21,0
1489,0.0,2.5,1.4,0.13,0.33,0
235,0.0,4.7,0.44,0.39,0.46,0
669,1.0,1.3,0.05,0.49,1.44,0
468,0.33,2.9,1.14,0.38,1.26,0
853,1.0,1.4,0.05,0.06,1.05,0
1237,1.0,4.1,1.02,0.08,0.77,1
295,1.0,3.7,0.3,0.25,0.45,1
1041,0.33,1.2,0.02,0.09,0.92,0
1789,0.67,2.8,0.9,0.1,1.29,0
1685,0.67,3.3,0.54,0.11,0.76,0
856,0.67,2.5,0.96,0.51,1.2,0
1748,0.33,3.9,0.65,0.36,1.27,0
70,0.33,4.2,1.65,0.07,1.18,0
937,1.0,2.0,1.44,0.34,0.67,0
1573,0.67,1.1,0.98,0.07,1.26,0
404,0.0,1.8,1.87,0.41,0.84,0
467,0.33,4.7,1.07,0.49,0.2,0
1486,0.33,4.3,0.43,0.23,0.72,0
538,0.33,2.7,1.03,0.6,0.63,0
495,0.0,2.8,1.84,0.21,1.22,0
1136,0.33,3.9,0.69,0.12,1.16,0
37,0.33,1.0,1.35,0.4,0.51,0
1194,0.67,4.0,1.65,0.51,0.27,0
1869,1.0,4.7,1.34,0.18,0.35,1
192,0.33,4.6,1.32,0.5,0.69,0
1238,1.0,1.5,1.43,0.38,0.64,0
1124,0.0,1.1,1.64,0.5,0.54,0
1302,1.0,3.3,0.85,0.58,0.72,0
416,1.0,4.1,0.6,0.21,1.31,0
331,0.67,3.0,0.74,0.19,1.0,0
298,0.0,2.3,1.95,0.17,1.14,0
797,0.0,1.9,1.71,0.56,0.81,0
779,1.0,2.9,0.64,0.5,0.29,0
1493,0.33,4.7,0.37,0.16,0.18,0
1055,0.33,2.5,0.05,0.55,1.03,0
19,1.0,2.5,1.44,0.58,0.77,0
1956,0.33,2.9,0.4,0.48,0.45,0
1910,1.0,2.1,0.6,0.55,0.28,0
807,0.33,2.7,0.06,0.28,1.21,0
352,0.0,2.1,1.87,0.22,0.14,0
1029,0.67,4.6,0.87,0.09,0.31,1
1676,0.33,4.9,1.62,0.47,1.5,0
54,0.0,1.6,0.91,0.42,0.78,0
1369,0.33,2.3,0.08,0.57,1.17,0
697,0.33,4.5,1.2,0.12,0.96,0
1953,0.67,3.2,1.41,0.13,0.21,0
1568,0.67,3.5,0.92,0.25,0.95,0
161,0.67,1.0,0.35,0.12,1.01,0
1989,0.33,4.7,0.73,0.3,0.74,0
1773,0.33,1.5,1.53,0.58,0.45,0
1902,0.0,2.7,1.2,0.42,1.33,0
1074,0.67,2.8,1.31,0.41,1.06,0
1347,0.33,3.1,1.46,0.1,1.22,0
753,0.67,1.0,0.59,0.01,1.12,0
1556,0.0,2.8,0.97,0.2,1.29,0
1454,0.33,4.8,0.55,0.17,0.52,0
812,1.0,2.5,0.77,0.25,1.19,0
1028,0.33,4.2,1.89,0.42,1.22,0
1773,0.33,2.0,1.76,0.18,0.92,0
6,0.67,3.7,0.53,0.03,0.16,1
777,0.0,1.4,0.63,0.16,0.84,0
1800,0.0,3.6,0.4,0.08,0.44,0
30,0.67,4.2,0.13,0.45,1.27,0
1992,0.33,4.1,1.43,0.5,1.47,0
1089,0.0,3.4,0.15,0.24,0.5,0
307,1.0,1.3,1.79,0.23,0.08,0
1494,0.0,1.9,1.62,0.54,0.32,0
572,0.67,1.8,0.47,0.12,1.04,0
636,1.0,2.0,1.76,0.43,0.74,0
397,0.33,3.5,0.47,0.14,0.53,0
1818,0.67,4.4,0.68,0.31,0.79,0
1062,0.0,4.9,0.28,0.5,0.6,0
844,0.67,4.8,1.95,0.3,1.32,0
158,0.67,3.1,1.99,0.07,0.48,0
810,0.33,4.7,1.33,0.45,0.78,0
1152,0.0,2.1,0.24,0.25,1.43,0
1355,0.67,3.7,0.85,0.29,0.99,0
781,1.0,3.2,0.93,0.01,0.36,0
43,0.67,2.9,0.66,0.57,1.3,0
978,1.0,3.0,1.05,0.56,0.45,0
1663,1.0,3.7,1.28,0.48,0.03,0
1483,1.0,3.2,1.0,0.41,1.48,0
867,0.33,1.3,1.66,0.4,0.83,0
1218,0.0,4.9,0.65,0.0,1.18,0
1870,1.0,3.1,1.1,0.14,0.93,0
528,0.0,3.3,1.56,0.56,0.26,0
451,0.67,4.8,1.58,0.31,1.47,0
1577,0.67,3.7,0.99,0.31,0.81,0
1387,0.33,2.7,1.87,0.4,0.48,0
1316,0.0,3.6,0.01,0.53,0.31,0
1334,0.67,2.4,1.6,0.14,0.19,0
315,1.0,3.4,1.5,0.3,1.07,0
226,0.0,3.9,1.83,0.36,1.25,0
471,0.0,4.5,0.66,0.2,1.03,0
740,0.33,4.3,1.87,0.57,1.17,0
557,0.0,4.7,0.93,0.47,1.36,0
468,1.0,2.8,0.78,0.04,1.37,0
1879,0.0,3.0,0.06,0.52,0.51,0
649,0.33,3.3,1.28,0.21,0.43,0
1752,0.0,2.1,0.04,0.56,1.03,0
686,0.67,4.4,1.9,0.44,0.38,0
118,0.0,1.9,1.65,0.3,1.46,0
236,0.0,2.2,1.95,0.27,0.66,0
713,0.67,4.6,0.89,0.45,1.01,0
1704,0.33,1.5,1.52,0.6,0.74,0
1579,0.0,2.1,0.41,0.58,0.16,0
539,0.0,1.2,1.44,0.34,1.17,0
1488,1.0,2.2,0.8,0.42,0.68,0
15,1.0,1.7,1.55,0.12,1.23,0
696,0.0,3.7,0.01,0.14,0.99,0
987,0.0,1.3,0.67,0.59,0.17,0
551,1.0,2.1,1.1,0.25,0.44,0
1548,0.0,1.0,0.61,0.18,0.6,0
1248,1.0,4.5,0.15,0.26,0.06,1
137,0.67,3.2,1.13,0.57,0.8,0
772,0.67,1.6,0.71,0.43,0.53,0
1111,0.67,3.2,1.48,0.56,1.09,0
957,0.0,2.6,1.52,0.35,1.03,0
1059,0.33,1.4,0.62,0.57,0.53,0
1938,0.0,1.5,0.71,0.59,0.83,0
825,1.0,5.0,0.93,0.44,0.96,0
1818,0.67,3.3,0.94,0.09,1.31,0
1351,0.33,1.6,0.97,0.0,1.22,0
1630,0.67,4.4,1.25,0.13,0.75,1
966,0.33,5.0,1.67,0.51,0.18,0
216,0.67,3.6,0.88,0.1,0.44,1
69,0.67,4.4,0.82,0.45,1.33,0
1362,0.33,3.3,1.02,0.29,1.47,0
1907,0.33,3.5,0.6,0.5,0.41,0
1114,1.0,1.3,0.8,0.11,0.74,0
1595,1.0,3.0,0.59,0.57,1.03,0
457,0.67,3.2,0.13,0.33,1.05,0
1951,0.33,3.0,1.19,0.26,0.34,0
1248,0.0,2.1,0.96,0.27,1.15,0
1287,0.67,2.7,1.17,0.22,1.45,0
1957,0.67,3.2,1.34,0.06,1.46,0
1352,1.0,2.7,1.18,0.45,1.04,0
1890,0.33,5.0,1.8,0.49,0.51,0
1486,0.33,5.0,1.44,0.02,0.93,0
1297,0.67,3.5,0.66,0.16,0.48,1
1409,0.0,4.6,0.04,0.11,0.5,0
1939,0.67,1.4,0.16,0.07,1.32,0
324,0.33,3.5,1.32,0.34,1.26,0
1980,0.33,4.6,1.42,0.38,0.32,0
831,0.67,2.0,1.44,0.54,0.71,0
1761,0.0,3.0,1.22,0.39,0.45,0
1419,0.0,1.3,0.56,0.39,1.02,0
165,0.0,3.4,1.33,0.03,0.85,0
478,0.0,2.5,1.47,0.12,1.23,0
1284,0.0,3.9,1.23,0.17,0.03,0
40,0.67,3.0,1.23,0.43,0.13,0
1779,0.33,4.7,1.32,0.05,0.38,0
566,0.67,1.3,1.49,0.22,0.83,0
349,1.0,3.1,0.38,0.21,1.22,0
878,1.0,3.2,0.7,0.51,0.77,0
1327,0.67,4.5,1.56,0.21,0.2,1
201,0.0,3.4,0.57,0.08,0.2,0
1626,0.33,1.7,0.83,0.45,0.1,0
67,0.67,1.0,1.54,0.33,0.97,0
278,0.0,2.3,1.41,0.52,1.09,0
96,0.0,3.4,1.87,0.1,0.88,0
955,0.0,1.2,0.44,0.58,1.29,0
1106,0.0,4.2,0.72,0.56,0.87,0
1871,0.67,3.3,0.85,0.55,0.26,0
1318,1.0,4.9,1.28,0.5,0.48,0
389,1.0,1.6,1.67,0.28,0.39,0
1411,0.0,2.2,1.18,0.4,0.34,0
1667,1.0,1.3,1.94,0.37,0.25,0
145,1.0,3.8,1.71,0.08,0.05,1
1002,0.0,4.9,0.92,0.12,1.32,0
1423,1.0,3.2,0.15,0.14,0.73,0
948,0.67,3.7,0.63,0.05,0.49,1
1492,1.0,4.4,0.98,0.38,0.35,0
1969,1.0,5.0,0.24,0.23,0.15,1
1508,0.67,3.4,1.11,0.2,0.95,0
540,0.0,2.2,0.05,0.27,0.42,0
1404,0.67,2.2,0.95,0.02,1.41,0
7,0.67,2.5,0.34,0.21,1.18,0
273,0.67,3.2,0.76,0.42,1.39,0
263,0.0,1.3,1.89,0.13,1.48,0
267,0.33,4.6,1.01,0.15,1.31,0
853,1.0,3.6,0.34,0.06,1.3,0
639,0.67,3.0,0.67,0.51,1.42,0
1110,0.33,3.3,0.01,0.14,0.7,0
109,0.0,2.7,0.85,0.47,1.06,0
952,1.0,1.6,0.32,0.57,1.07,0
472,1.0,1.8,0.39,0.55,1.15,0
75,0.33,3.9,0.06,0.14,0.67,0
1921,1.0,3.2,1.59,0.55,0.47,0
52,0.0,1.9,1.37,0.54,0.35,0
1069,1.0,1.6,0.61,0.16,0.46,0
1913,1.0,4.9,0.18,0.12,0.91,0
1584,1.0,2.3,0.9,0.5,0.3,0
1337,0.67,2.1,0.66,0.07,1.31,0
733,0.0,3.8,0.72,0.29,1.05,0
606,0.33,1.7,0.88,0.03,0.27,0
990,1.0,2.4,0.59,0.19,0.76,0
835,0.67,4.4,0.75,0.36,1.34,0
995,0.0,3.6,0.28,0.1,0.67,0
1532,0.33,3.0,0.52,0.46,1.39,0
1224,1.0,1.4,0.11,0.23,0.79,0
653,1.0,5.0,0.99,0.4,1.16,0
1356,0.67,1.1,0.05,0.57,0.1,0
200,0.67,1.6,1.58,0.34,1.4,0
1045,1.0,1.6,1.0,0.33,1.46,0
1807,0.0,2.1,1.85,0.35,0.16,0
854,0.67,2.4,1.86,0.26,1.22,0
1346,0.33,2.5,2.0,0.39,0.69,0
495,0.0,3.7,0.79,0.07,1.01,0
1707,1.0,4.7,1.35,0.2,0.24,1
93,0.33,2.5,0.24,0.1,1.21,0
157,0.67,4.4,1.73,0.2,1.2,0
632,1.0,1.4,1.73,0.22,0.68,0
1293,0.0,1.1,1.52,0.04,0.47,0
1635,0.67,3.4,1.17,0.12,1.07,0
1317,0.0,2.2,1.95,0.56,0.76,0
1320,0.67,3.6,1.3,0.23,1.11,0
1749,0.0,1.1,0.68,0.14,0.98,0
186,0.0,4.9,1.5,0.08,0.05,0
1409,0.33,1.5,0.28,0.56,0.99,0
679,0.67,3.8,1.41,0.01,1.44,0
744,0.33,1.2,0.63,0.47,0.6,0
1896,1.0,4.7,1.5,0.33,0.05,0
1834,0.33,3.1,0.06,0.04,1.35,0
1331,0.0,1.0,0.31,0.29,0.86,0
311,1.0,2.5,1.91,0.01,1.1,0
1980,0.67,2.4,0.91,0.35,0.7,0
1665,0.0,4.2,0.6,0.55,0.75,0
353,0.33,4.3,0.48,0.49,0.39,0
107,1.0,4.6,0.96,0.1,1.49,0
1902,0.33,4.2,1.24,0.56,1.37,0
1826,0.33,3.9,0.48,0.45,0.27,0
1316,0.0,4.9,1.27,0.48,1.2,0
1572,0.33,1.3,0.38,0.17,0.0,0
1777,0.0,1.4,0.79,0.08,0.34,0
583,1.0,4.1,1.88,0.22,0.31,1
741,0.67,2.2,1.13,0.35,0.89,0
818,0.67,4.7,0.06,0.41,0.15,0
353,0.0,2.1,1.9,0.28,0.91,0
651,0.67,2.8,0.89,0.52,0.08,0
1613,1.0,3.2,0.08,0.44,1.08,0
174,0.67,1.6,0.69,0.57,0.19,0
848,0.67,3.3,1.68,0.55,0.02,0
1120,0.67,3.3,1.28,0.5,0.94,0
1691,0.0,3.6,1.6,0.0,0.6,0
743,1.0,3.3,0.48,0.59,0.83,0
1179,0.67,2.1,0.39,0.41,0.39,0
1275,0.33,4.5,1.94,0.16,1.05,0
1274,0.0,1.3,0.44,0.57,0.32,0
1278,0.0,4.1,1.95,0.34,1.46,0
1205,1.0,1.9,1.54,0.44,0.97,0
1799,1.0,2.2,0.64,0.16,0.92,0
1869,1.0,4.8,0.21,0.28,0.28,1
1560,1.0,4.6,0.31,0.15,1.01,0
100,0.0,2.1,1.3,0.02,1.08,0
1419,0.33,3.1,1.18,0.29,1.45,0
663,0.67,3.3,0.48,0.34,1.17,0
693,1.0,1.2,1.2,0.29,1.48,0
807,1.0,4.4,0.53,0.3,0.32,0
1229,0.67,2.7,1.89,0.25,0.58,0
1004,0.33,3.9,1.73,0.04,0.13,0
1075,1.0,3.0,1.38,0.42,1.29,0
125,1.0,2.0,1.2,0.53,0.17,0
577,0.67,2.0,0.4,0.19,0.76,0
1627,0.67,2.4,1.89,0.13,0.28,0
1789,0.0,2.1,1.69,0.42,0.53,0
1455,1.0,4.5,0.02,0.01,1.46,0
1266,0.0,3.6,1.95,0.09,1.22,0
874,0.33,1.8,0.25,0.32,0.53,0
1671,0.67,1.8,0.66,0.07,1.47,0
1179,1.0,3.5,0.06,0.46,0.74,0
1561,0.0,3.5,1.3,0.51,0.11,0
191,0.67,3.0,0.08,0.42,1.14,0
438,0.0,3.6,1.93,0.21,1.06,0
1890,1.0,1.1,1.46,0.04,0.09,0
1220,0.0,3.6,0.99,0.53,0.37,0
1593,0.67,3.4,1.31,0.31,1.06,0
1033,0.33,3.8,0.97,0.56,1.28,0
1339,1.0,3.8,1.42,0.1,0.79,1
626,0.0,4.4,0.5,0.05,0.78,0
694,0.33,2.3,1.63,0.18,1.1,0
865,0.0,1.8,0.9,0.33,0.82,0
1280,0.0,3.0,0.09,0.14,0.07,0
910,1.0,4.7,0.7,0.24,0.84,0
1806,0.0,3.1,1.36,0.22,0.27,0
206,0.0,4.9,0.84,0.6,0.53,0
178,1.0,2.1,0.37,0.59,1.15,0
749,0.33,2.0,0.33,0.05,0.79,0
1518,0.67,3.8,0.06,0.41,1.47,0
1301,1.0,2.1,0.15,0.5,1.18,0
470,0.67,4.0,1.95,0.33,0.19,0
579,1.0,3.1,0.24,0.2,0.79,0
1909,0.67,4.8,1.48,0.38,0.88,0
694,0.67,2.7,0.99,0.36,1.05,0
681,0.33,4.5,0.76,0.29,1.15,0
1965,0.0,3.2,1.19,0.49,0.3,0
1314,0.67,3.3,0.91,0.59,0.64,0
1172,0.0,4.5,1.81,0.39,1.42,0
1021,0.33,2.7,0.72,0.54,0.97,0
342,0.0,3.4,0.27,0.3,1.34,0
789,0.67,3.4,0.91,0.1,0.01,0
1874,0.67,1.9,0.69,0.06,0.24,0
1469,0.33,4.6,0.4,0.55,1.21,0
773,0.33,1.7,0.21,0.09,0.75,0
438,0.0,2.7,0.21,0.42,0.65,0
1445,0.33,3.7,0.56,0.43,0.98,0
1667,0.33,4.5,1.03,0.5,1.39,0
1574,0.33,3.6,1.88,0.15,0.91,0
50,0.0,4.9,0.32,0.32,0.51,0
680,0.67,2.3,1.27,0.45,1.14,0
1715,0.33,4.3,0.63,0.41,1.32,0
985,0.0,4.5,2.0,0.53,0.82,0
442,0.67,2.2,1.32,0.47,0.5,0
821,0.67,3.2,0.38,0.37,0.15,0
548,0.33,3.0,1.45,0.49,1.12,0
18,0.33,2.2,0.37,0.28,0.91,0
935,0.67,1.9,1.1,0.24,0.59,0
1189,0.0,2.7,1.98,0.42,0.12,0
1862,0.0,4.4,1.71,0.57,1.03,0
519,1.0,4.3,1.24,0.59,0.73,0
1529,0.33,1.6,1.51,0.57,1.01,0
1645,0.67,3.1,1.33,0.05,0.7,0
196,0.33,3.3,0.93,0.11,0.06,0
621,0.0,3.2,0.63,0.23,0.42,0
572,0.0,2.4,1.97,0.2,0.86,0
1295,0.67,1.2,0.54,0.39,0.53,0
1906,1.0,3.1,0.09,0.06,1.25,0
1973,0.33,1.0,0.46,0.42,1.31,0
1973,1.0,1.9,1.82,0.46,0.63,0
922,0.33,1.9,0.16,0.25,0.4,0
314,1.0,3.4,1.08,0.55,0.52,0
1784,1.0,3.1,0.89,0.56,1.24,0
1158,0.67,3.4,1.55,0.52,1.15,0
1165,0.67,2.0,1.38,0.12,0.31,0
1690,1.0,4.6,0.69,0.11,0.39,1
38,0.0,4.1,1.86,0.36,0.92,0
757,0.67,2.3,0.08,0.0,0.7,0
39,1.0,1.3,0.06,0.23,1.08,0
312,1.0,2.3,0.39,0.12,1.02,0
92,0.67,3.8,1.65,0.24,0.85,0
393,0.33,4.9,1.28,0.51,0.77,0
1603,0.67,3.9,1.55,0.16,0.42,1
1728,0.33,3.3,1.14,0.44,0.38,0
1442,1.0,4.8,0.83,0.48,0.46,0
1055,0.67,1.2,1.52,0.6,1.05,0
168,0.67,2.8,1.86,0.14,0.93,0
477,0.0,1.3,1.91,0.4,1.02,0
674,0.33,2.6,1.69,0.05,0.61,0
609,0.33,2.9,0.95,0.38,0.07,0
80,0.67,4.4,0.46,0.22,0.26,1
1138,0.0,3.8,1.4,0.36,0.88,0
1205,1.0,3.6,1.55,0.54,0.19,0
1958,0.33,2.0,1.49,0.53,1.47,0
371,0.33,2.6,0.87,0.01,1.17,0
526,1.0,4.8,1.46,0.46,0.48,0
983,1.0,1.1,0.92,0.31,1.39,0
1431,0.0,1.8,0.0,0.27,1.43,0
1035,0.0,1.3,1.38,0.56,0.13,0
1512,0.0,2.3,1.04,0.21,1.03,0
675,1.0,2.8,1.12,0.11,0.81,0
794,0.0,3.3,1.42,0.27,0.44,0
651,0.33,1.5,1.35,0.44,0.16,0
1599,0.0,4.8,1.27,0.1,1.12,0
1848,0.67,5.0,1.56,0.49,0.78,0
954,0.0,4.6,1.38,0.5,0.57,0
1152,0.33,4.8,0.22,0.56,0.53,0
398,0.33,3.0,0.72,0.13,0.03,0
1593,0.67,1.5,1.28,0.0,1.31,0
1834,1.0,4.2,0.58,0.35,1.23,0
1479,1.0,1.6,1.36,0.5,1.48,0
1803,0.0,4.8,0.01,0.26,0.22,0
1834,1.0,1.9,0.84,0.33,1.2,0
156,0.33,5.0,1.14,0.58,1.23,0
1719,0.67,1.4,1.35,0.56,0.42,0
1539,0.0,2.8,0.78,0.02,0.78,0
1620,0.67,4.8,1.53,0.46,1.1,0
1831,0.33,4.5,1.36,0.13,0.43,0
1773,0.0,3.4,0.49,0.34,0.64,0
575,1.0,2.5,1.25,0.29,0.01,0
613,0.33,1.3,1.18,0.41,0.07,0
809,0.0,3.3,1.2,0.44,1.47,0
1402,0.33,2.8,0.38,0.49,0.35,0
1595,1.0,1.6,1.51,0.56,1.02,0
82,1.0,4.0,0.16,0.23,0.99,0
1805,1.0,2.2,0.49,0.49,0.96,0
1957,0.67,2.4,0.11,0.41,1.18,0
607,1.0,3.5,1.36,0.18,0.8,0
1025,0.0,3.8,0.97,0.11,1.09,0
406,0.33,4.4,0.29,0.54,0.62,0
1165,0.67,1.0,1.5,0.52,0.67,0
1934,0.67,4.6,0.56,0.56,0.63,0
577,0.0,3.3,1.43,0.57,0.46,0
1083,0.67,2.0,0.22,0.4,1.22,0
219,0.33,3.6,1.17,0.54,0.85,0
679,1.0,1.6,1.3,0.26,0.59,0
1748,1.0,4.0,0.91,0.04,1.22,0
1059,0.33,3.6,0.97,0.11,0.91,0
217,0.67,3.4,0.4,0.25,1.11,0
1351,0.33,4.4,0.19,0.34,0.93,0
963,0.0,4.0,1.86,0.13,0.81,0
875,1.0,3.6,1.84,0.27,0.0,1
1609,0.67,2.7,1.85,0.01,1.47,0
1637,0.67,3.5,0.02,0.27,1.15,0
1,1.0,4.8,1.81,0.54,0.59,0
1792,0.33,2.6,1.03,0.13,1.19,0
1054,0.67,2.2,0.49,0.33,0.33,0
1285,0.67,2.9,1.63,0.13,0.85,0
1504,0.33,3.1,1.02,0.59,1.27,0
939,0.67,4.1,0.28,0.16,1.24,0
1899,0.33,4.2,1.74,0.21,1.04,0
567,1.0,4.7,0.24,0.47,1.13,0
1653,0.0,4.8,1.12,0.03,0.51,0
211,0.33,2.9,0.65,0.05,0.9,0
942,0.67,4.6,0.69,0.5,0.23,0
1201,0.0,2.6,1.58,0.51,1.35,0
1101,0.33,3.1,0.01,0.15,1.41,0
94,0.33,4.2,0.58,0.11,1.46,0
1330,0.33,2.7,0.88,0.34,0.54,0
318,1.0,1.2,1.76,0.15,0.48,0
333,0.67,3.6,1.69,0.34,0.17,0
1616,0.0,3.1,0.4,0.16,0.03,0
866,1.0,2.2,1.49,0.05,0.24,0
238,0.33,1.7,1.73,0.04,1.29,0
530,0.0,2.5,1.57,0.2,0.42,0
1396,0.67,2.2,1.81,0.36,0.21,0
1455,1.0,3.2,1.26,0.39,0.34,0
631,1.0,4.2,0.61,0.02,0.58,1
1312,0.67,4.8,1.32,0.42,0.06,0
726,0.0,4.1,0.16,0.43,0.63,0
886,0.67,3.1,1.92,0.07,0.93,0
701,0.0,4.8,0.4,0.38,1.07,0
362,0.33,3.1,0.76,0.27,0.47,0
1062,0.0,3.6,1.93,0.57,1.43,0
1806,0.67,4.3,0.66,0.54,1.27,0
1975,0.33,3.2,0.91,0.12,1.0,0
1868,0.67,1.3,0.99,0.31,0.36,0
271,0.67,4.4,1.6,0.08,1.24,0
159,1.0,3.8,0.69,0.38,0.87,0
1782,0.0,3.6,1.53,0.33,1.37,0
606,1.0,2.8,0.98,0.24,0.09,0
1532,0.33,3.8,0.94,0.57,0.64,0
1325,1.0,2.8,0.89,0.51,0.54,0
864,0.33,4.0,0.3,0.54,0.56,0
1846,0.67,3.4,1.45,0.6,1.36,0
115,1.0,2.8,2.0,0.19,0.06,0
793,0.33,2.9,0.95,0.08,0.2,0
681,1.0,2.7,1.19,0.13,0.38,0
1531,0.33,3.1,0.18,0.4,0.59,0
165,0.67,3.6,1.93,0.32,0.08,0
1753,1.0,4.1,1.72,0.32,1.15,0
1802,0.33,3.3,0.14,0.15,0.27,0
1448,0.33,3.7,0.67,0.35,0.66,0
132,0.0,3.2,1.49,0.17,0.01,0
504,0.67,4.9,1.45,0.17,0.78,1
833,0.67,4.3,0.39,0.3,0.49,0
1775,0.33,2.6,1.74,0.33,0.51,0
772,1.0,4.1,1.66,0.38,0.71,0
1682,0.33,3.3,1.88,0.54,1.09,0
131,1.0,1.6,1.17,0.55,1.4,0
1861,1.0,1.7,0.1,0.37,0.02,0
501,0.33,2.9,1.43,0.43,1.19,0
497,0.67,1.3,1.14,0.2,0.76,0
1733,0.67,2.3,1.79,0.51,0.37,0
349,0.67,1.6,1.99,0.28,1.11,0
919,0.67,1.5,0.75,0.13,1.48,0
200,1.0,3.2,1.39,0.25,1.24,0
1524,0.67,2.0,0.24,0.35,0.3,0
1616,1.0,3.3,1.95,0.53,1.32,0
1404,0.33,2.2,0.38,0.14,0.64,0
1791,0.67,4.5,0.64,0.4,1.31,0
724,0.67,4.2,0.82,0.23,0.76,1
672,0.33,1.5,0.44,0.2,0.12,0
911,0.67,1.1,0.12,0.55,0.72,0
1478,0.0,2.4,0.8,0.36,0.33,0
794,0.33,3.3,1.47,0.15,1.42,0
501,0.0,2.8,1.13,0.33,1.09,0
1703,0.33,2.8,1.08,0.57,1.43,0
519,0.67,1.8,0.87,0.42,0.72,0
1848,0.0,2.9,1.86,0.37,0.57,0
1047,0.67,2.8,1.5,0.06,1.48,0
548,0.67,4.6,1.09,0.01,0.48,1
1471,0.67,3.1,0.9,0.1,1.26,0
1792,1.0,3.6,0.2,0.38,0.38,0
1104,0.0,4.1,0.69,0.04,1.32,0
1108,0.0,4.8,0.65,0.36,0.43,0
461,1.0,2.3,0.67,0.2,1.01,0
301,0.67,2.0,0.24,0.41,1.45,0
781,1.0,2.2,1.52,0.36,0.7,0
1776,1.0,2.9,0.73,0.18,1.04,0
1404,1.0,4.7,0.84,0.28,0.31,1
90,0.33,4.9,0.87,0.08,0.74,0
1673,0.0,3.0,0.17,0.17,1.49,0
2,0.33,4.7,0.82,0.44,0.06,0
1583,0.33,4.3,0.7,0.43,1.18,0
778,1.0,3.6,1.2,0.22,0.7,1
537,0.67,1.9,0.65,0.06,1.2,0
1867,0.33,2.9,0.69,0.39,1.44,0
57,1.0,3.7,1.71,0.54,1.14,0
1060,0.67,1.2,0.33,0.25,0.13,0
371,0.33,2.5,1.08,0.45,1.25,0
1377,0.0,3.2,1.94,0.33,0.37,0
1677,0.0,1.1,0.59,0.45,1.24,0
521,0.67,3.5,0.39,0.51,0.04,0
1530,1.0,1.3,0.3,0.32,1.0,0
447,0.33,1.1,1.9,0.5,0.0,0
1086,0.67,3.8,1.33,0.22,0.37,1
145,1.0,1.0,1.26,0.57,0.44,0
1237,1.0,4.0,0.56,0.35,1.06,0
1389,1.0,4.2,1.2,0.17,1.31,0
412,0.0,1.7,0.2,0.54,0.9,0
133,1.0,1.1,0.01,0.28,1.14,0
1126,0.0,5.0,1.06,0.1,1.41,0
81,1.0,4.7,0.12,0.11,1.34,0
1118,0.33,1.2,0.73,0.05,0.93,0
1218,0.0,2.0,0.4,0.3,0.63,0
866,0.33,1.5,1.57,0.11,1.49,0
1762,0.0,2.6,1.43,0.36,1.14,0
1370,0.33,3.2,0.84,0.56,1.34,0
856,0.0,3.7,0.48,0.47,1.04,0
1807,0.0,2.8,0.51,0.36,0.89,0
1197,0.33,1.3,0.15,0.47,0.35,0
1821,0.67,4.2,1.02,0.02,1.35,0
734,0.33,1.2,1.07,0.12,0.99,0
486,0.67,3.4,0.49,0.18,0.29,0
66,1.0,3.8,1.84,0.45,1.29,0
56,0.0,3.0,0.29,0.26,0.06,0
1739,0.0,3.8,0.03,0.33,0.91,0
714,0.33,3.3,0.42,0.45,1.1,0
169,1.0,3.7,0.11,0.39,0.57,0
1777,0.0,3.7,1.7,0.33,0.69,0
802,0.0,2.4,1.08,0.11,1.37,0
830,0.33,3.8,1.2,0.41,1.27,0
1184,0.33,1.9,0.18,0.49,0.9,0
1935,0.67,3.4,0.02,0.24,0.49,0
729,0.67,1.6,1.34,0.05,1.03,0
1459,0.33,1.2,0.99,0.1,1.09,0
1801,1.0,2.9,0.96,0.4,0.07,0
159,1.0,1.2,0.24,0.07,0.84,0
1337,0.33,4.8,0.67,0.36,0.66,0
1937,0.0,2.4,1.2,0.38,1.24,0
1003,0.67,4.4,0.29,0.04,0.53,1
342,0.67,3.3,0.35,0.44,0.68,0
1302,0.33,3.0,0.74,0.23,1.22,0
1888,0.67,3.3,1.06,0.09,1.33,0
1028,0.67,3.1,1.39,0.44,0.09,0
1562,1.0,3.1,0.98,0.53,0.22,0
1390,1.0,1.4,1.99,0.06,0.89,0
53,0.0,3.9,0.67,0.59,0.86,0
1496,0.0,1.6,1.68,0.1,0.13,0
215,0.67,1.6,0.5,0.32,0.16,0
1084,0.0,2.3,0.59,0.18,0.06,0
676,0.33,3.4,1.54,0.39,0.7,0
294,0.0,4.6,0.48,0.13,0.19,0
27,0.33,3.9,0.98,0.09,0.6,0
1422,0.67,3.2,1.7,0.5,1.37,0
1073,1.0,4.7,0.88,0.3,0.33,0
1578,1.0,2.2,0.6,0.43,0.26,0
477,0.33,3.1,0.34,0.18,0.14,0
1882,0.0,2.0,1.34,0.24,1.25,0
931,0.0,1.4,0.91,0.25,1.02,0
1352,0.33,2.5,1.33,0.44,0.25,0
1043,0.67,3.0,0.4,0.2,0.95,0
1887,1.0,2.5,0.35,0.45,1.48,0
971,0.33,2.3,1.32,0.13,0.03,0
1370,0.33,1.3,0.89,0.25,0.11,0
1533,1.0,2.0,1.53,0.24,0.74,0
778,0.67,3.8,0.04,0.22,0.93,0
628,0.0,2.9,0.96,0.21,1.05,0
968,1.0,4.4,1.17,0.36,0.63,0
454,0.33,1.1,0.47,0.41,1.42,0
634,0.67,1.3,0.74,0.34,0.57,0
438,1.0,2.3,1.3,0.29,0.67,0
1174,0.67,2.5,1.09,0.38,0.93,0
825,0.33,3.3,1.78,0.16,1.35,0
1742,1.0,3.1,1.56,0.29,0.23,0
91,0.0,2.9,1.68,0.21,0.61,0
600,0.33,4.3,0.22,0.25,0.05,0
649,1.0,4.4,0.0,0.16,0.32,1
122,0.67,1.6,0.59,0.35,0.67,0
1551,0.67,3.5,1.38,0.29,1.45,0
516,0.0,2.3,1.85,0.58,0.1,0
374,1.0,4.4,0.55,0.4,0.83,0
1041,0.0,1.1,1.07,0.03,0.44,0
1003,0.67,4.0,1.97,0.0,0.49,1
1207,1.0,2.8,1.75,0.53,0.26,0
639,0.0,3.2,1.47,0.21,0.04,0
268,0.67,2.9,0.15,0.46,1.14,0
1909,0.0,2.6,1.16,0.2,0.32,0
41,1.0,1.5,1.07,0.02,0.06,0
1580,0.0,3.9,1.09,0.59,0.26,0
1778,1.0,4.1,1.55,0.4,0.74,0
194,0.0,1.3,1.15,0.56,0.18,0
1858,0.0,1.9,0.46,0.46,0.5,0
1569,1.0,2.3,0.22,0.27,1.14,0
1398,1.0,1.5,1.58,0.23,0.66,0
1450,0.0,3.2,1.52,0.22,0.55,0
1018,0.0,1.1,1.46,0.11,0.32,0
1516,0.0,3.7,0.16,0.23,0.1,0
830,1.0,3.6,0.06,0.03,0.13,1
328,0.0,4.4,1.14,0.48,0.37,0
952,0.67,3.8,1.45,0.28,0.15,1
1092,0.67,3.0,0.45,0.27,0.56,0
1470,0.0,3.8,1.4,0.59,0.48,0
750,0.0,1.0,0.94,0.07,1.05,0
1463,1.0,2.1,1.32,0.43,0.84,0
1102,0.33,1.2,1.88,0.0,0.37,0
421,1.0,1.1,0.86,0.52,0.49,0
514,0.0,2.0,1.58,0.06,0.27,0
468,0.33,2.5,1.04,0.56,0.37,0
1905,0.33,1.5,1.32,0.16,0.36,0
1843,0.67,4.1,0.39,0.21,1.41,0
1606,1.0,4.7,1.46,0.51,0.53,0
1732,0.0,1.6,0.75,0.48,0.08,0
412,0.0,3.9,0.41,0.5,0.83,0
1056,1.0,4.6,1.69,0.28,0.11,1
422,0.33,2.3,0.89,0.1,0.25,0
932,0.67,4.5,1.48,0.32,0.07,0
1456,0.0,3.7,0.09,0.01,0.39,0
1697,0.0,1.3,1.24,0.55,0.58,0
238,0.0,1.6,1.56,0.17,1.09,0
1041,0.67,1.9,1.5,0.17,0.97,0
633,0.0,1.0,0.34,0.23,0.28,0
1693,0.33,1.6,0.06,0.44,0.58,0
1818,0.33,4.9,1.0,0.59,0.56,0
667,0.0,3.0,0.92,0.09,0.56,0
597,1.0,3.5,0.17,0.44,0.82,0
1251,0.33,2.8,1.04,0.3,0.76,0
586,0.67,3.7,0.39,0.49,0.85,0
411,0.0,2.7,1.05,0.37,0.02,0
547,0.67,2.6,0.93,0.48,0.49,0
503,0.33,4.0,0.55,0.52,0.77,0
1192,0.0,3.8,0.88,0.3,1.48,0
1694,0.0,4.7,1.9,0.03,0.34,0
42,0.33,2.6,1.85,0.28,0.44,0
440,1.0,2.7,0.9,0.39,0.22,0
1156,1.0,2.6,0.81,0.48,0.24,0
1794,0.33,4.1,0.46,0.3,0.56,0
1703,0.67,2.8,1.34,0.12,1.4,0
999,0.33,2.4,0.34,0.5,1.33,0
1898,0.33,3.6,0.77,0.41,0.09,0
1638,0.0,4.9,0.88,0.5,0.88,0
1369,0.0,4.4,1.46,0.45,0.2,0
1529,0.0,4.8,1.27,0.36,0.53,0
1223,0.67,4.3,1.64,0.37,1.3,0
1065,0.33,3.2,1.45,0.44,1.1,0
982,0.0,3.7,0.4,0.35,1.09,0
755,0.67,2.4,0.65,0.01,1.23,0
474,0.0,2.5,1.71,0.02,0.03,0
750,0.33,1.6,1.21,0.43,0.61,0
1350,0.67,2.8,1.53,0.51,1.17,0
1932,0.0,1.2,1.55,0.48,0.68,0
0,0.67,3.8,1.15,0.42,0.76,0
92,0.33,2.0,0.51,0.47,0.35,0
1768,1.0,2.4,1.12,0.41,1.48,0
502,1.0,1.1,0.91,0.08,0.0,0
1626,1.0,3.2,0.37,0.33,0.99,0
519,1.0,1.9,0.07,0.58,0.92,0
1968,0.0,4.0,0.91,0.53,0.93,0
119,1.0,2.3,1.69,0.48,0.66,0
1573,1.0,2.2,1.51,0.12,1.34,0
615,1.0,4.6,0.66,0.36,1.18,0
856,0.33,4.5,0.39,0.53,1.22,0
61,0.33,1.8,1.13,0.47,1.49,0
1372,0.33,1.0,1.03,0.26,0.86,0
1096,1.0,3.3,1.07,0.46,1.2,0
1985,1.0,2.4,0.08,0.38,0.68,0
1499,0.67,4.0,1.68,0.24,0.42,1
501,1.0,1.5,1.07,0.27,0.27,0
722,0.67,4.7,1.83,0.05,0.35,1
1303,0.0,3.2,1.19,0.2,1.28,0
1069,0.67,1.7,0.99,0.43,1.06,0
743,0.0,1.3,0.92,0.27,1.38,0
33,0.33,1.7,1.15,0.14,0.14,0
1171,0.0,1.5,1.04,0.21,0.53,0
515,0.0,1.7,1.83,0.21,0.26,0
1466,0.67,1.9,1.71,0.28,0.13,0
773,0.0,3.7,0.17,0.43,1.16,0
809,0.67,4.9,0.77,0.42,0.87,0
1761,0.67,3.9,0.9,0.12,1.09,0
478,0.33,4.3,1.95,0.16,1.42,0
770,0.33,4.0,0.69,0.53,0.06,0
930,0.33,1.5,0.91,0.17,0.04,0
1492,0.0,4.3,0.36,0.23,1.16,0
1406,0.0,1.7,1.75,0.05,0.92,0
